#node1	node2	combined_score
CD4	LCP2	891
ARF5	ACAP1	825
CD4	ICAM3	707
CD4	TNFRSF1A	797
GRN	TNFRSF1A	803
RTN4R	NGFR	998
CD4	TBX21	947
CD4	LAG3	914
TBX21	LAG3	746
UQCRC1	ATP5F1D	968
CD74	MIF	999
GRN	SLC25A1	803
MAPK13	TAB1	825
TNFRSF1A	TAB1	835
CD4	IL2RB	875
TBX21	IL2RB	813
HSCB	ACO2	787
UQCRC1	ACO2	855
PYGM	RIPK3	958
TNFRSF1A	RIPK3	927
CEBPE	GZMH	725
LAG3	GZMH	731
GZMH	GZMB	847
CD4	GZMB	936
IL2RB	GZMB	907
LAG3	GZMB	930
TBX21	GZMB	918
OTUD5	USP11	716
SNTA1	SGCG	918
CD4	CCL22	720
CX3CL1	CCL22	878
CX3CL1	CCL17	856
CCL22	CCL17	964
CD4	CCL17	718
DVL2	PARD6A	958
PLA2G3	PLA2G15	843
NGFR	ARHGDIG	961
RIPK3	STUB1	784
PIGQ	CDIPT	813
PPP2R5B	PPP2CB	966
GTPBP1	EXOSC5	734
PABPN1	HNRNPL	718
BCL3	RELB	959
SF3A1	SF3A2	999
SF3A2	AMH	863
GABARAPL2	TBC1D17	972
TSC2	TBC1D17	759
BRF2	SNAPC2	702
EXOSC5	FBL	789
CD4	TGFB1	870
TBX21	TGFB1	730
TNFRSF17	CD79A	793
CD4	CD79A	753
GZMH	NKG7	969
GZMB	NKG7	917
LAG3	NKG7	807
IL2RB	NKG7	768
CEACAM6	CEACAM5	710
CDIPT	PIK3R2	909
NGFR	PIK3R2	906
PLA2G15	TMEM147	764
REXO1	ERF	768
TSC2	GSK3A	713
TAB1	GSK3A	786
TBC1D17	FIS1	996
PYGM	GCK	807
STX1B	YKT6	800
NME3	AK1	809
TCN2	AK1	718
CD79A	BLNK	998
LCP2	BLNK	991
YKT6	PFN1	774
UQCRC1	SLC25A11	725
CCL22	CCL2	914
CX3CL1	CCL2	831
MIF	CCL2	836
TGFB1	CCL2	851
RETN	CCL2	712
CCL17	CCL2	750
CD4	CCL2	839
TNFRSF1A	CCL2	768
CX3CL1	CCL13	749
CCL2	CCL13	842
HDAC7	KAT2A	761
HDAC10	KAT2A	855
KAT2A	HDAC5	729
CKM	MYH1	815
GZMB	CD38	786
TNFRSF17	CD38	773
CD79A	CD38	825
CD4	CD38	932
CD4	CD82	968
CEBPE	SPI1	892
SF3A1	PRPF19	997
PABPN1	PRPF19	708
USB1	PRPF19	916
HNRNPL	PRPF19	764
SF3A2	PRPF19	997
CD4	IL10RA	708
IL2RB	IL10RA	759
GALK1	MVK	829
MYH1	MYL2	945
CKM	MYL2	916
DVL2	FZD10	797
ACAP1	RAB35	736
MICALL1	RAB35	840
PABPN1	SRSF9	905
SF3A2	SRSF9	768
HNRNPL	SRSF9	760
GZMB	KLRB1	787
TBX21	KLRB1	701
GZMH	KLRB1	712
CD4	KLRB1	787
NKG7	KLRB1	730
CD74	FANCE	931
CD74	HLA-DOA	966
CD4	HLA-DOA	934
EXOSC5	BYSL	828
CD74	BYSL	837
FBL	BYSL	995
KLRB1	GZMK	931
LAG3	GZMK	701
NKG7	GZMK	933
GZMH	GZMK	878
PCDHB2	PCDHB5	720
CYP26A1	RBP1	719
CD74	EIF1B	810
MYL2	TNNC1	896
LCP2	NCK2	977
RHOV	NCK2	771
EFNB1	NCK2	997
UQCRC1	NDUFS7	997
ATP5F1D	NDUFS7	992
NCK2	DOK1	846
CSK	DOK1	899
ARSA	NEU2	904
DKK4	WNT6	949
FZD10	WNT6	852
DHPS	ODC1	745
LCP2	PLEK	724
PIK3R2	KISS1R	900
IGFBP2	MIIP	862
AK1	NT5C1A	706
CTSG	CTSD	722
GRN	CTSD	866
NT5C1A	ATIC	929
GABARAPL2	STBD1	736
PABPN1	TARDBP	855
HNRNPL	TARDBP	837
GRN	TARDBP	958
LCP2	KLRK1	719
TBX21	KLRK1	748
IL2RB	KLRK1	714
KLRB1	KLRK1	963
CD4	KLRK1	780
GZMB	KLRK1	816
PEX11G	PEX16	728
FIS1	PEX16	781
TNFRSF1A	TNFSF10	993
RIPK3	TNFSF10	706
MPG	UNG	745
SF3A2	TRIR	809
UQCRC1	TRIR	751
SCT	ADGRE5	733
FANCE	SEC61A1	870
TMEM147	SEC61A1	891
CD74	SEC61A1	869
TMEM214	SEC61A1	778
SF3A1	SNRPA	957
SF3A2	SNRPA	995
PRPF19	SNRPA	948
TRIR	SNRPA	895
CHPF2	CHPF	894
PLIN3	LIPE	793
STUB1	IRF1	865
SPI1	IRF1	974
CCL2	IRF1	786
NDUFS7	CLPP	801
MAPK13	FOSB	776
EGR1	FOSB	987
PABPN1	SYMPK	886
YBX3	SYMPK	938
MAPK13	CDC25B	927
SEC61A1	NCLN	902
TMEM147	NCLN	998
HNRNPL	RALY	737
KLRK1	HCST	999
PIK3R2	HCST	943
GZMB	CCR7	803
CD38	CCR7	884
CCL17	CCR7	932
CX3CL1	CCR7	915
KLRB1	CCR7	805
TBX21	CCR7	823
CCL22	CCR7	984
CD4	CCR7	947
CCL13	CCR7	862
CCL2	CCR7	965
LAG3	CCR7	707
IL2RB	CCR7	728
GZMK	CCR7	787
DBP	NR1D1	759
BYSL	NOP53	883
FBL	NOP53	703
FANCE	NOP53	753
BYSL	DDX49	975
NDUFS7	PHPT1	721
TAB1	TRAF2	975
TNFSF10	TRAF2	757
PIK3R2	TRAF2	905
TNFRSF1A	TRAF2	999
RIPK3	TRAF2	963
ARSA	IDUA	734
NAGLU	IDUA	810
GZMB	KLF2	783
CCR7	KLF2	804
RIPK3	TICAM1	983
MICALL1	EIF3K	877
CD74	EIF3K	717
EIF1B	EIF3K	844
PFN1	TUBA4A	747
GZMB	TUBA4A	908
STUB1	HSPB1	804
HSPB6	HSPB1	902
CD38	SIRT2	924
KAT2A	SIRT2	748
CTSD	CLN6	771
MDFI	MYOD1	892
MYL2	MYOD1	857
CD4	CD68	898
GZMB	CD68	750
TGFB1	CD68	787
CCR7	CD68	703
CCL2	CD68	815
ATP12A	ATP1B2	835
PIGQ	ATP1B2	710
GUCA1A	CNGB1	709
GDF1	CERS4	893
UQCRC1	NDUFA2	992
NDUFS7	NDUFA2	999
SLC25A1	ESS2	813
PRPF19	ESS2	706
KRT14	KRT5	999
CEACAM5	KRT5	753
KRT5	KRT6C	723
KRT5	KRT6B	861
KRT14	KRT6B	835
KRT6C	KRT6B	772
KLRK1	NECTIN2	980
CRTAM	NECTIN2	925
LAG3	NECTIN2	766
CD4	APOE	701
CTSD	APOE	763
CCL2	APOE	746
CD68	APOE	843
LIPE	APOE	751
SORBS3	SAFB2	887
CD4	BST2	788
PLVAP	BST2	752
CD74	MRPL34	772
ACO2	MRPL34	870
MRPS34	MRPL34	907
PAF1	MLLT1	953
FOSB	JUND	999
EGR1	JUND	962
MAPK13	JUND	736
CDC34	UBE2M	721
BYSL	PPAN	819
BYSL	GRWD1	958
FBL	GRWD1	763
NOP53	GRWD1	713
PPAN	GRWD1	812
PROC	F12	773
RAMP3	RAMP2	991
TARDBP	FUS	999
RALY	FUS	712
DDX39A	FUS	787
GRN	FUS	700
SRSF9	FUS	757
HNRNPL	FUS	927
CEACAM5	LGALS3	717
LAG3	LGALS3	990
CD68	LGALS3	706
CCL2	LGALS3	761
RAMP3	RAMP1	964
RAMP2	RAMP1	963
PRPF19	RPA1	825
TBX21	KDM6B	925
KDM4B	KDM6B	758
ATP5F1D	KDM6B	915
CNGB1	GUCY2D	776
GUCA1A	GUCY2D	999
MRPS34	ERAL1	985
CLPP	ERAL1	813
FANCE	HSPBP1	773
CD74	HSPBP1	774
SEC61A1	HSPBP1	830
STUB1	HSPBP1	962
SCT	NTS	764
NR1D1	BHLHE40	929
CTSD	SORT1	801
GRN	SORT1	968
APOE	SORT1	743
NTS	SORT1	999
NGFR	SORT1	999
ARF5	ARF3	756
SCT	GRP	765
NTS	GRP	974
CEACAM5	GRP	705
DAZAP1	MSI1	911
NUMBL	MSI1	802
FZD10	HILPDA	779
SPI1	LMO2	751
PPP2CB	PPP1R1A	900
PPP2R5B	PPP1R1A	910
FZD10	WNT10A	883
DKK4	WNT10A	799
WNT10A	EDAR	712
TNFRSF1A	EDAR	700
CENPM	MYO1G	722
MRPL34	RSAD1	817
SEC61A1	RSAD1	858
CD74	RSAD1	923
FANCE	RSAD1	916
EIF1B	RSAD1	797
HSPBP1	RSAD1	780
CD79A	BLK	956
CCL2	IL1RN	761
IL36G	IL36RN	864
IL36A	IL36RN	789
IL36A	IL36B	780
IL36RN	IL36B	989
BYSL	IMP4	999
FBL	IMP4	993
GRWD1	IMP4	924
DDX49	IMP4	766
NOP53	IMP4	819
CD74	IMP4	771
PPAN	IMP4	711
EXOSC5	IMP4	868
TRAF2	DAB2IP	969
CCL2	CCL27	725
CCR7	CCL27	980
CCL17	CCL27	824
CX3CL1	CCL27	756
CCL13	CCL27	792
MED10	GTF2H4	931
RNF39	HLA-F	796
CD74	HLA-F	845
HLA-DOA	HLA-F	930
ATIC	GGH	725
TRAF2	USP2	761
FIS1	RMDN3	825
CDIPT	PLCB2	901
ITPKA	PLCB2	793
SPR	GCHFR	707
MAPRE3	KHK	772
GCK	KHK	848
CTSG	LYZ	836
ACO2	PEBP1	722
MRPL34	PEBP1	799
KLRB1	CLEC2D	999
SELPLG	VWF	785
CD68	VWF	708
LGALS3	VWF	840
PLA2G15	LPCAT3	717
MYL2	CASQ2	712
TNFRSF17	TNFRSF13B	975
ACO2	ALDH2	751
ACADS	ALDH2	906
BYSL	CSNK1A1	901
DVL2	CSNK1A1	723
GSK3A	CSNK1A1	991
SGCG	SGCA	999
SNTA1	SGCA	967
ATP5F1D	ATP5F1B	999
UQCRC1	ATP5F1B	969
ACO2	ATP5F1B	874
TGFB1	SMAD7	989
MYOD1	SMAD7	746
RAMP1	VIPR2	751
RAMP2	VIPR2	736
SCT	VIPR2	867
GRP	VIPR2	718
PDRG1	PIH1D1	976
FBL	PIH1D1	851
CDC25B	PKMYT1	758
CIAO3	NUBP2	902
ARF5	RAB11FIP3	952
PIH1D1	TELO2	892
MEGF8	MGRN1	975
CDC34	MGRN1	737
NGFR	TRAF4	746
INO80B	SRCAP	776
SYMPK	ZC3H3	802
FANCE	RPL8	978
HSPBP1	RPL8	781
NCLN	RPL8	827
CD74	RPL8	980
EDF1	RPL8	911
EEFSEC	RPL8	956
SEC61A1	RPL8	974
EIF3K	RPL8	849
TMEM147	RPL8	848
MRPL34	RPL8	795
NOP53	RPL8	912
ATP5F1D	RPL8	728
RSAD1	RPL8	979
CD68	TYROBP	796
LCP2	TYROBP	960
HCST	TYROBP	995
PLEK	TYROBP	710
SPI1	TYROBP	933
KLRK1	TYROBP	998
SF3A2	RBM42	850
SNRPA	RBM42	979
DVL2	CELSR1	784
LGALS3	LGALS3BP	999
MLLT1	ELL	999
PAF1	ELL	906
HIP1R	SLA2	951
UNG	XRCC1	871
GTF2H4	XRCC1	700
RPA1	XRCC1	759
MPG	XRCC1	756
ACTR3B	ARPC1A	964
PPP2CB	MAP2K2	921
MAPK13	MAP2K2	947
PLCB2	GNA15	976
S1PR4	GNA15	892
HLF	TCF3	748
MYOD1	TCF3	993
LMO2	TCF3	996
TSC2	MAPK3	960
DHPS	MAPK3	841
CD4	MAPK3	710
MAPK13	MAPK3	942
ATP1B2	MAPK3	903
CCL2	MAPK3	747
PPP2CB	MAPK3	925
EGR1	MAPK3	963
ERF	MAPK3	876
MAP2K2	MAPK3	990
PLA2G3	MAPK3	709
TGFB1	MAPK3	721
CCR7	ITGAE	773
CD4	ITGAE	848
GZMB	ITGAE	700
KLRB1	ITGAE	708
LPCAT3	PLD2	906
PLA2G3	PLD2	703
CYP27A1	SLC27A5	953
ACOT8	SLC27A5	935
ESS2	DGCR2	943
DGCR6L	DGCR2	839
SLC25A1	DGCR2	808
GTF2H4	MED15	813
MED10	MED15	999
ESS2	HIRA	735
DGCR6L	HIRA	756
DGCR2	HIRA	863
CDC34	UBE2R2	961
ATP12A	SYP	719
CEACAM5	SYP	701
SYNGR3	SYP	774
PLEK	PLEKHA4	735
P2RX1	GRIN2D	913
UNG	LIG1	952
XRCC1	LIG1	997
RPA1	LIG1	804
YKT6	NAPA	972
STX1B	NAPA	954
NDUFS7	BLVRB	723
ACP5	BLVRB	914
HMOX1	BLVRB	952
NDUFA2	BLVRB	782
ITPKA	ITPKC	910
TRIM28	BRD4	757
SPI1	BRD4	712
NUMBL	NOTCH3	962
DTX1	NOTCH3	863
DVL2	NOTCH3	930
DLL4	NOTCH3	998
LFNG	NOTCH3	969
MYL2	PPP1R12C	817
CD4	CD81	982
CD82	CD81	984
CLPP	NDUFS3	700
NDUFS7	NDUFS3	999
BLVRB	NDUFS3	876
ATP5F1D	NDUFS3	957
UQCRC1	NDUFS3	995
ATP5F1B	NDUFS3	864
NDUFA2	NDUFS3	999
ACO2	NDUFS3	703
STX1B	VAMP8	960
YKT6	VAMP8	947
NAPA	VAMP8	980
YKT6	USE1	943
NAPA	USE1	968
VAMP8	USE1	703
TRAF2	TNFRSF8	868
CD79A	TNFRSF8	818
RELB	TNFRSF8	745
CD4	TNFRSF8	776
TNFRSF1A	TNFRSF8	703
TGM1	PKP1	734
KRT5	PKP1	835
KRT14	PKP1	777
ATP1B2	SLC9A1	747
ATP12A	SLC9A1	854
MAPK3	SLC9A1	946
CRTAM	NECTIN1	732
NECTIN2	NECTIN1	956
TGFB1	GPC1	758
APOE	GPC1	721
TUBA4A	TUBB4A	983
TRPM4	MCOLN1	760
NTS	NMU	846
GZMH	GZMM	710
CCDC92	PSMD3	802
ATP12A	ATP6V0A1	892
CCDC115	ATP6V0A1	853
TCF3	LYL1	996
LMO2	LYL1	998
GRIN2D	OLFM2	738
CD79A	ZAP70	714
TYROBP	ZAP70	999
LCP2	ZAP70	999
CD38	ZAP70	845
SIT1	ZAP70	712
PIK3R2	ZAP70	952
CD4	ZAP70	995
BLNK	ZAP70	905
MAPK13	ZAP70	919
SLA2	ZAP70	702
HCST	ZAP70	756
KLRK1	ZAP70	776
SIRT2	BST1	926
CD38	BST1	920
LIPE	MGLL	927
NDUFA2	MGLL	917
NDUFS3	MGLL	959
NDUFS7	MGLL	914
TBC1D17	RAB7A	932
ATP1B2	ABCB6	720
SLC9A1	ABCB6	728
ATP12A	ABCB6	731
STUB1	UBE2B	885
EGR1	PITX1	856
MYOD1	SRF	865
SPI1	SRF	834
EGR1	SRF	904
LIN7B	APBA1	925
DKK4	WNT2	872
FZD10	WNT2	902
B4GALT7	B3GAT3	882
EXTL3	B3GAT3	774
TRAF2	USP4	808
USP11	USP4	839
CHMP4B	PTPN23	994
IMP4	EXOSC7	795
BYSL	EXOSC7	858
FBL	EXOSC7	756
GTPBP1	EXOSC7	720
EXOSC5	EXOSC7	999
ATP12A	TCIRG1	927
ATP6V0A1	TCIRG1	960
CCDC115	TCIRG1	807
HNRNPL	HNRNPH3	753
TARDBP	HNRNPH3	830
RELB	DAXX	756
TNFRSF1A	DAXX	944
HSPB1	DAXX	964
TRIM28	DAXX	838
MUL1	TMEM115	849
IDUA	HYAL1	946
HAS1	HYAL1	730
CHST8	B4GALNT3	919
CCR7	CD27	923
CD81	CD27	729
LAG3	CD27	775
TRAF2	CD27	814
CD4	CD27	931
IL2RB	CD27	829
GZMK	CD27	712
CD79A	CD27	877
GZMB	CD27	785
KLRK1	CD27	802
KLRB1	CD27	712
TNFRSF17	CD27	825
TBX21	CD27	773
TNFRSF8	CD27	934
CD38	CD27	908
TNFRSF1A	CD27	715
TCF3	ASCL1	837
HSD17B10	TARBP2	911
VWF	ITGB7	719
ITGAE	ITGB7	999
CD4	ITGB7	728
LAMA5	ITGB7	719
CHMP4B	VPS37B	937
AMH	CYP11A1	780
SULT2B1	CYP11A1	931
DAXX	PML	999
SPI1	PML	938
HDAC7	PML	775
GPR108	SCAMP2	766
BTN3A3	MFGE8	789
CD81	MFGE8	709
TBX21	IRF8	716
IRF1	IRF8	983
SPI1	IRF8	999
TYROBP	IRF8	714
FBL	RPL3L	835
RSAD1	RPL3L	915
SYMPK	RPL3L	840
NOP53	RPL3L	845
EEFSEC	RPL3L	743
FANCE	RPL3L	929
MRPL34	RPL3L	816
SEC61A1	RPL3L	870
CD74	RPL3L	934
EDF1	RPL3L	786
RPL8	RPL3L	991
HSPBP1	RPL3L	773
LYL1	CBFA2T3	843
GLIS2	CBFA2T3	798
SPI1	CBFA2T3	797
LMO2	CBFA2T3	765
TCF3	CBFA2T3	881
ARSA	GALNS	828
NAGLU	GALNS	742
IDUA	GALNS	783
BYSL	NOB1	999
NOP53	NOB1	876
DDX49	NOB1	857
IMP4	NOB1	866
GRWD1	NOB1	860
FBL	NOB1	805
MYH1	UNC45B	798
SGSM3	SGSM2	909
CDIPT	IMPA2	948
ATP1B2	ASGR1	749
VWF	ASGR1	844
PATZ1	TP53	764
TRIM28	TP53	904
EGR1	TP53	969
KDM6B	TP53	786
HSPB1	TP53	955
NOTCH3	TP53	710
STUB1	TP53	968
MYOD1	TP53	797
SIRT2	TP53	768
TSC2	TP53	713
CD38	TP53	727
USP11	TP53	864
CSNK1A1	TP53	926
MIF	TP53	731
CD4	TP53	703
RPA1	TP53	999
SETD1A	TP53	826
MUL1	TP53	820
TNFRSF1A	TP53	741
ELL	TP53	822
NOP53	TP53	702
XRCC1	TP53	750
HDAC5	TP53	768
PPIF	TP53	993
BRD4	TP53	990
GADD45G	TP53	937
PPP2CB	TP53	714
DAXX	TP53	999
MAPK3	TP53	994
CDKN2C	TP53	957
PPP1R13B	TP53	986
BCL2L2	TP53	718
PML	TP53	967
MAPK13	TP53	943
TGFB1	TP53	809
KAT2A	TP53	909
KRT5	TP53	737
CEACAM5	ERBB2	768
KLRK1	ERBB2	782
TP53	ERBB2	935
PIK3R2	ERBB2	985
STUB1	ERBB2	982
KRT5	ERBB2	796
TNFRSF8	ERBB2	725
PTPN18	ERBB2	799
TGM1	CYP4F22	919
SF3A2	CCDC97	799
SF3A1	CCDC97	799
TDH	BCKDHA	826
ILVBL	BCKDHA	744
SDS	BCKDHA	826
SMG6	SMG9	944
LAMA5	BCAM	946
SYNGR3	SLC6A3	944
DRD4	SLC6A3	960
NDUFS7	ECSIT	922
NDUFS3	ECSIT	998
PGLS	PGD	992
PFN1	SH3BGRL3	710
IL10RA	IL22RA1	976
SORT1	CELSR2	949
MAD2L2	PRCC	834
PRPF19	PRCC	805
BCL9	FCRL4	709
SRF	MEF2D	868
JUND	MEF2D	757
MYOD1	MEF2D	903
HDAC7	MEF2D	825
FOSB	MEF2D	774
HDAC5	MEF2D	936
SNRPA	SF3B4	973
SF3A1	SF3B4	999
ARMC7	SF3B4	923
RBM42	SF3B4	854
SF3A2	SF3B4	999
CCDC97	SF3B4	788
PRPF19	SF3B4	983
FZD10	WNT9A	817
DKK4	WNT9A	773
WNT6	WNT9A	731
TCIRG1	ATP6V1C2	947
ATP6V0A1	ATP6V1C2	973
GALK1	GALM	999
GCK	GALM	923
LIN7B	RTKN	963
TAX1BP3	RTKN	748
YBX3	RALB	765
PLD2	RALB	926
MIF	ACKR3	718
CCL13	ACKR3	720
ATP5F1B	ACKR3	780
ASCL1	HES6	837
POU2F3	PLA1A	919
LPCAT3	PLA1A	916
USB1	ISY1	778
PRPF19	ISY1	998
PRCC	ISY1	801
TMEM175	DGKQ	731
PLD2	DGKQ	825
PLCB2	DGKQ	743
CYP11A1	SRD5A1	785
LAG3	GZMA	805
GZMB	GZMA	904
IL2RB	GZMA	901
KLRK1	GZMA	788
TBX21	GZMA	770
CD4	GZMA	758
GZMH	GZMA	877
NKG7	GZMA	937
NDUFS3	GZMA	756
GZMK	GZMA	971
KLRB1	GZMA	944
APOE	PLA2G7	970
PLA2G3	PLA2G7	742
S1PR4	GNA12	989
ADGRE5	GNA12	811
NAPA	GNA12	704
CENPM	CDCA5	715
MAU2	CDCA5	917
NGEF	EPHA1	987
EFNB1	EPHA1	998
NDUFA2	NDUFB11	999
ATP5F1D	NDUFB11	936
NDUFS3	NDUFB11	999
NDUFS7	NDUFB11	999
UQCRC1	NDUFB11	940
ECSIT	NDUFB11	998
ATP6V1C2	ATP6V1B2	996
ATP6V0A1	ATP6V1B2	998
ATP5F1D	ATP6V1B2	913
CCDC115	ATP6V1B2	909
TCIRG1	ATP6V1B2	988
ATP5F1B	ATP6V1B2	980
CHRNA1	CHRNA6	759
CSK	DOK2	752
AMH	STAR	730
CYP11A1	STAR	979
SRD5A1	STAR	745
PRPF19	DNAJC5B	844
ERG28	SIGMAR1	983
STAR	SIGMAR1	720
NGFR	NTRK2	990
SORT1	NTRK2	933
ERBB2	NTRK2	704
ODC1	PAOX	810
PRPF19	PPRC1	834
CFP	SERPING1	774
F12	SERPING1	987
TP53	RPS3	857
NOB1	RPS3	985
EEFSEC	RPS3	989
RPL8	RPS3	999
BYSL	RPS3	998
HSPBP1	RPS3	912
ATP5F1B	RPS3	703
RPL3L	RPS3	983
RSAD1	RPS3	977
FANCE	RPS3	981
EIF3K	RPS3	985
FBL	RPS3	812
CD74	RPS3	983
EDF1	RPS3	994
SEC61A1	RPS3	991
MICALL1	RPS3	752
ATP5F1D	RPS3	758
HBA2	RPS3	908
EIF1B	RPS3	919
TSC2	LAMTOR1	707
ATP6V1B2	LAMTOR1	998
CNGB1	ROM1	851
PYGM	ROM1	786
VWF	ESAM	770
RANGRF	SCN2B	733
TRPM4	SCN2B	877
COMMD4	COMMD7	951
PIGQ	PIGT	729
PGAP2	PIGT	798
PLEK	FERMT3	833
ERG28	TM7SF2	914
SIGMAR1	TM7SF2	886
MVK	TM7SF2	781
PPP2CB	PPP4C	885
PPP2R5B	PPP4C	766
SLC6A3	ADRA2A	832
GNA12	ADRA2A	924
SPR	QDPR	989
PABPN1	PABPC3	881
HSPB1	HSPB8	940
SDF2L1	HSPB8	720
HSPB6	HSPB8	793
STUB1	HSPB8	993
BCL9	TCF7L1	803
KCNK6	KCNK13	764
NECTIN2	CD96	999
NECTIN1	CD96	992
LAG3	CD96	765
PGD	RPIA	995
BCKDHA	RPIA	844
PGLS	RPIA	773
LCP2	GRAP	971
CD68	THY1	704
CD38	THY1	708
NGFR	THY1	705
CD79A	THY1	741
CD4	THY1	753
ADGRE5	THY1	751
GDF1	CERS3	799
CERS4	CERS3	911
CYP4F22	CERS3	806
MPG	NEIL2	710
XRCC1	NEIL2	993
WNT9A	WNT3A	743
CSNK1A1	WNT3A	778
FZD10	WNT3A	904
DVL2	WNT3A	916
DKK4	WNT3A	906
PPP2R5B	WNT3A	710
MED15	TRIM11	778
CKM	KLHL41	791
MYL2	KLHL41	802
RPS3	ATP5MC3	720
RPL8	ATP5MC3	786
NDUFS3	ATP5MC3	747
ATP6V0A1	ATP5MC3	896
ATP5F1D	ATP5MC3	999
ATP5F1B	ATP5MC3	995
ATP6V1C2	ATP5MC3	712
ATP6V1B2	ATP5MC3	905
TCIRG1	ATP5MC3	849
KDM6B	ATP5MC3	701
MRPL34	OXA1L	838
SEC61A1	OXA1L	909
MRPS34	OXA1L	819
CTAG2	MAGEC1	723
GCK	AKR1B1	915
MGLL	AKR1B1	912
GALM	AKR1B1	927
ALDH2	AKR1B1	944
SPR	AKR1B1	974
QDPR	AKR1B1	938
CYP26A1	CYP2C18	942
PARD6A	FZD7	716
WNT9A	FZD7	855
WNT10A	FZD7	912
DVL2	FZD7	964
WNT2	FZD7	955
WNT6	FZD7	909
CX3CL1	CSF1R	711
TYROBP	CSF1R	962
SPI1	CSF1R	992
CD4	CSF1R	755
IRF8	CSF1R	723
IL10RA	CSF1R	714
PLCB2	CSF1R	745
CCL2	CSF1R	860
CD68	CSF1R	792
SYMPK	LSM11	875
ATP12A	ATP1B3	863
ATP1B2	ATP1B3	940
MAPK3	ATP1B3	902
SLC9A1	ATP1B3	734
ABCB6	ATP1B3	722
TBX21	BATF	723
SPI1	BATF	726
JUND	BATF	933
IRF8	BATF	770
VAC14	NAAA	760
MGLL	NAAA	780
HIGD2A	COX6A2	736
TRIR	COX6A2	876
NDUFS3	COX6A2	927
NDUFB11	COX6A2	922
ATP5F1D	COX6A2	799
UQCRC1	COX6A2	994
NDUFS7	COX6A2	941
NDUFA2	COX6A2	944
GALM	FCSK	822
KHK	FCSK	800
SMAD7	SMAD6	984
TGFB1	SMAD6	846
TGM1	GRHL3	792
ZNF750	GRHL3	737
DCTN3	ACTR1B	992
HSPBP1	EIF5B	795
APMAP	EIF5B	781
RPS3	EIF5B	998
FANCE	EIF5B	868
RPL8	EIF5B	986
EEFSEC	EIF5B	804
EGLN3	EIF5B	753
RSAD1	EIF5B	850
CD74	EIF5B	908
RPL3L	EIF5B	931
SEC61A1	EIF5B	714
CD4	CD1A	793
CD68	CD1A	906
MAPK3	NCF1	965
ARF3	NCF1	808
MAPK13	NCF1	758
SPI1	NCF1	783
TRAF4	NCF1	967
AMH	NBL1	910
LCP2	FCER1G	857
ZAP70	FCER1G	976
HCST	FCER1G	932
TYROBP	FCER1G	999
MS4A2	FCER1G	985
PIK3R2	FCER1G	905
KLRK1	FCER1G	767
DVL2	WNT4	747
DKK4	WNT4	800
FZD10	WNT4	859
MAP2K2	ARAF	996
KCNQ1	KCNE2	999
SNTA1	KCNE2	806
SPR	CBR1	974
MYL2	ACTC1	991
CNN1	ACTC1	702
CASQ2	ACTC1	708
MRPS34	MCAT	906
MLYCD	MCAT	857
ERAL1	MCAT	949
AKIRIN2	PSMB4	853
PRPF19	PSMB4	841
PSMD3	PSMB4	998
EMC7	PSMB4	719
TP53	BTG2	888
PMM1	HK2	931
PFKL	HK2	965
KHK	HK2	927
GCK	HK2	915
PPIF	HK2	727
GALM	HK2	918
TP53	HK2	706
APOE	ACE	876
ATP12A	ACE	771
TP53	CTBP1	759
ZNF750	CTBP1	705
TCF7L1	CTBP1	970
CCDC115	ATP6V0D1	986
ATP6V1C2	ATP6V0D1	977
ATP6V1B2	ATP6V0D1	999
ATP6V0A1	ATP6V0D1	999
TCIRG1	ATP6V0D1	998
ITPKA	CALM3	944
CKM	CALM3	832
GRIN2D	CALM3	755
PYGM	CALM3	868
CAMK1	CALM3	998
PFN1	CALM3	776
CNGB1	CALM3	996
SLC9A1	CALM3	991
PLCB2	CALM3	716
NTRK2	CALM3	708
CNN1	CALM3	948
CASQ2	CALM3	743
KCNQ1	CALM3	999
SYMPK	SSU72	998
SF3A1	U2AF1	918
PRPF19	U2AF1	902
HNRNPL	U2AF1	804
SF3B4	U2AF1	708
SF3A2	U2AF1	910
SRSF9	U2AF1	777
TARDBP	U2AF1	803
DGKQ	AGPAT3	723
PLD2	AGPAT3	736
MBOAT7	AGPAT3	931
ESS2	GATD3A	925
ALDH1L1	S100B	705
TP53	S100B	995
MS4A2	LILRA4	739
BST2	LILRA4	995
NECTIN2	NCR1	852
IL2RB	NCR1	700
CD4	NCR1	737
CFP	NCR1	974
HCST	NCR1	858
KLRK1	NCR1	986
GZMB	NCR1	753
KLRB1	NCR1	812
TYROBP	NCR1	974
CD27	NCR1	802
TBX21	NCR1	749
TP53	S100A1	790
CCL17	CXCR5	873
CD27	CXCR5	804
GZMB	CXCR5	736
ACKR3	CXCR5	711
CCR7	CXCR5	962
CCL13	CXCR5	825
CX3CL1	CXCR5	787
CCL2	CXCR5	872
CCL27	CXCR5	920
CCL22	CXCR5	866
CD38	CXCR5	855
TBX21	CXCR5	737
CD4	CXCR5	909
CCL22	CCR5	972
PPIF	CCR5	907
ACKR3	CCR5	709
SELPLG	CCR5	802
CD68	CCR5	806
APOE	CCR5	783
CCL17	CCR5	981
CD4	CCR5	999
CD27	CCR5	797
CCR7	CCR5	956
IL10RA	CCR5	778
GZMK	CCR5	734
GZMB	CCR5	809
TBX21	CCR5	722
CCL27	CCR5	883
CX3CL1	CCR5	977
CCL2	CCR5	999
LAG3	CCR5	736
CCL13	CCR5	996
GET4	RNF126	956
PIK3R2	FGFR4	736
ERBB2	FGFR4	829
MAPK3	FGFR4	713
SYMPK	CPSF4	999
PABPN1	CPSF4	903
GNA15	PTGER1	719
ALKBH7	ALKBH4	865
NDUFA2	COX7A1	901
NDUFS3	COX7A1	868
NDUFS7	COX7A1	893
UQCRC1	COX7A1	998
NDUFB11	COX7A1	872
PPIF	BAX	931
BCL2L2	BAX	930
TP53	BAX	994
HMOX1	BAX	729
ERP29	ALDH16A1	705
CYP4F22	SDR9C7	722
CSNK1A1	WNT1	715
FZD10	WNT1	986
WNT9A	WNT1	721
DKK4	WNT1	834
WNT6	WNT1	707
DVL2	WNT1	784
CYP4F3	ALOX15	921
PLA2G3	ALOX15	710
PEBP1	ALOX15	989
CX3CL1	CXCL16	914
CCL13	CXCL16	751
CCR7	CXCL16	914
CCL27	CXCL16	787
TRAF2	TNFSF12	750
TNFRSF1A	TNFSF12	850
TNFSF10	TNFSF12	744
TNFRSF13B	TNFSF12-TNFSF13	700
PIH1D1	POLR3K	787
BRF2	POLR3K	816
F12	WDR90	869
CNN1	WDR90	779
LAMTOR1	WDR24	756
TRAF2	MAP4K2	936
ACTR3B	NCKIPSD	798
ARPC1A	NCKIPSD	892
KAT2A	TAF6L	994
VAMP8	STX5	991
YKT6	STX5	999
STX1B	STX5	752
GORASP2	STX5	758
NAPA	STX5	989
USE1	STX5	956
GET4	STX5	754
CORO1A	LAPTM5	729
TYROBP	LAPTM5	747
LAPTM4A	LAPTM5	916
GSTM2	HPGDS	790
B3GAT2	HPGDS	725
MYL2	TMOD4	752
ZAP70	TRAT1	956
KLRB1	TRAT1	705
SIT1	TRAT1	717
TRIM7	TRAT1	830
TRIM28	TRAT1	817
CD4	TRAT1	942
KAT2A	HDAC11	820
SIRT2	HDAC11	752
DGKQ	CDS1	706
CDIPT	CDS1	988
PLD2	CDS1	951
TNFRSF1A	IL17RC	734
IL22RA1	IL17RC	766
CTSG	CPA3	812
MS4A2	CPA3	938
LAMA5	ITGB5	843
ACTN4	ITGB5	743
VWF	ITGB5	739
MFGE8	ITGB5	910
SORBS3	ITGB5	817
ITGB7	ITGB5	911
TGFB1	ITGB5	791
DVL2	NKD2	957
IL12B	IL22RA2	723
IL22RA1	IL22RA2	821
TMOD1	SCIN	826
PFN1	SCIN	891
MGLL	DAGLB	829
BST2	CAMLG	728
GET4	CAMLG	888
TNFRSF13B	CAMLG	998
TCF7L1	SOX17	948
BRD4	DEFB1	984
HMOX1	NOS3	770
SPR	NOS3	700
APOE	NOS3	777
CAMK1	NOS3	936
VWF	NOS3	811
ATP1B2	ABCB8	744
SLC9A1	ABCB8	743
ABCB6	ABCB8	813
ATP12A	ABCB8	764
ACTN4	MICALL2	969
ERG28	HSD3B7	722
SIGMAR1	HSD3B7	744
CYP27A1	HSD3B7	762
RBP1	ALDH1A1	750
CYP26A1	ALDH1A1	968
RDH5	ALDH1A1	945
NTRK2	VEGFD	702
NGFR	VEGFD	728
ERBB2	VEGFD	769
ACAP1	ARF6	900
PLD2	ARF6	983
SCAMP2	ARF6	808
RAB11FIP3	ARF6	986
PSD4	ARF6	808
CYTH4	ARF6	983
PLEK	ARF6	756
ATIC	HPRT1	958
ATP5F1D	HPRT1	793
NT5C1A	HPRT1	925
MGLL	LIPC	934
APOE	LIPC	943
PDLIM4	JAM3	720
GORASP2	JAM3	825
TCN2	AMN	766
CKM	CKB	996
SLC6A8	CKB	859
CLN6	TPP1	774
CTSD	TPP1	761
TERF2	TPP1	743
TYROBP	CLEC4E	932
PPP1R7	PPP1R16B	791
CHRNA1	CHRFAM7A	701
CCL2	MMP3	806
APOE	MMP3	821
TGFB1	MMP3	787
SCN2B	SCNN1G	757
TRPM4	SCNN1G	746
EGR1	NAB2	992
SLC6A8	CKMT1B	921
TRAF4	NOD2	847
TAB1	NOD2	717
PGAP2	PGAP3	882
PIGT	PGAP3	707
ERBB2	PGAP3	764
LCP2	CD3D	907
CD4	CD3D	982
CD27	CD3D	801
CD79A	CD3D	727
KLRB1	CD3D	815
GZMK	CD3D	941
NKG7	CD3D	834
ZAP70	CD3D	998
IL2RB	CD3D	703
GZMA	CD3D	940
CD68	CD3D	710
TM7SF2	MVD	727
MVK	MVD	999
GRWD1	CDT1	969
CDCA5	CDT1	842
LIG1	CDT1	738
CACNG1	CACNB3	900
MRPL34	TP53I13	820
FZD10	WNT10B	881
FOXN1	WNT10B	723
WNT2	WNT10B	716
DKK4	WNT10B	834
PPP1R12C	PPP1R14A	949
ST14	SPINT2	851
RAB7A	RILP	999
TP53	PELP1	771
FBL	PELP1	709
NDUFA2	SLC25A23	752
NDUFS3	SLC25A23	817
NDUFS7	SLC25A23	760
TCN2	CD320	999
GID8	SPRYD3	840
KRT5	KRT16	861
KRT14	KRT16	868
KRT6B	KRT16	938
ACP5	SOST	726
TP53	E4F1	969
TELO2	E4F1	749
ACADS	ECI1	825
HSD17B10	ECI1	729
VPS37B	VPS37C	919
CHMP4B	VPS37C	932
TGFB1	LTBP3	996
WNT10A	LTBP3	793
IRF1	BATF2	730
CCR7	CCL11	806
CCL13	CCL11	996
CCL2	CCL11	998
CCL22	CCL11	866
CX3CL1	CCL11	992
CCL27	CCL11	997
BRD4	HEXIM2	707
STUB1	HSPB2	761
MAPK13	HSPB2	959
TP53	HSPB2	733
DAXX	HSPB2	871
HSPB8	HSPB2	949
MAPK3	UBTF	838
FBL	UBTF	915
GFRA3	NRTN	998
NTRK2	NRTN	792
ARSA	GUSB	871
HYAL1	GUSB	942
IDUA	GUSB	726
TRAPPC6A	TRAPPC1	999
GID8	MAEA	960
GIMAP2	GIMAP1	725
CD4	IL16	998
CCL2	IL16	753
CCL27	IL16	824
CYP26A1	UGT1A6	721
B3GAT2	UGT1A6	879
SRD5A1	UGT1A6	727
APOE	ACHE	769
JUND	JUNB	999
EGR1	JUNB	970
MAPK13	JUNB	715
FOSB	JUNB	999
STUB1	HSPB3	760
TP53	HSPB3	733
DAXX	HSPB3	812
HSPB8	HSPB3	906
NAPA	TSNARE1	780
YKT6	TSNARE1	832
PEX16	PEX6	960
PEX11G	PEX6	708
GABARAPL2	PEX6	923
BYSL	DUS1L	735
TRPM4	NUDT9	922
CD79A	MZB1	815
TNFRSF17	MZB1	999
BTBD2	COPS6	835
UBE2M	COPS6	857
PLCB2	RAC3	900
RALB	RAC3	915
NCK2	RAC3	919
NGEF	RAC3	905
PIK3R2	RAC3	917
PARD6A	RAC3	935
PDLIM4	RAC3	912
DKK4	KREMEN2	865
LIPE	FASN	784
MLYCD	FASN	899
CYP27A1	FASN	748
USP2	FASN	746
FADS2	FASN	712
CYP26A1	BFSP2	742
GNA15	GNB2	812
MAPK3	GNB2	806
MAPK13	GNB2	745
PLCB2	GNB2	842
DRD4	GNB2	748
ADRA2A	GNB2	722
GNA12	GNB2	791
SPI1	CEBPB	856
IRF8	CEBPB	709
JUND	CEBPB	852
MAPK3	CEBPB	947
IRF1	CEBPB	721
TP53	CEBPB	862
EGR1	CEBPB	885
MAPK13	CEBPB	928
BHLHE40	CEBPB	780
SRF	CEBPB	794
TYROBP	SIRPG	954
SNRPA	PCBP1	891
PABPN1	PCBP1	736
HNRNPL	PCBP1	938
TARDBP	PCBP1	833
STX1B	CPLX1	770
NAPA	CPLX1	771
VAMP8	CPLX1	769
YKT6	VAMP5	786
VAMP8	VAMP5	771
NAPA	VAMP5	772
TBX21	CXCL10	736
GZMB	CXCL10	715
IRF8	CXCL10	705
CCL17	CXCL10	883
CD4	CXCL10	839
IRF1	CXCL10	875
CD68	CXCL10	732
CCL27	CXCL10	879
CX3CL1	CXCL10	948
CCL2	CXCL10	965
ACKR3	CXCL10	863
CCR7	CXCL10	968
CCL22	CXCL10	959
CCL13	CXCL10	999
HLA-DOA	BRD3	825
BRD4	BRD3	960
OTUD5	OTUD7A	711
HSPB8	SYNPO2	731
SRF	FOS	950
IRF8	FOS	752
CCL2	FOS	756
TGFB1	FOS	719
TP53	FOS	952
SPI1	FOS	975
FOSB	FOS	999
JUND	FOS	999
BCL3	FOS	856
ACP5	FOS	812
MAPK13	FOS	958
MAPK3	FOS	994
KDM6B	FOS	824
IRF1	FOS	726
EGR1	FOS	995
CRNN	KRT78	758
BRD4	PWWP2B	762
PKP1	SPRR1B	756
TGM1	SPRR1B	939
PI3	SPRR1B	787
KRT6B	SPRR1B	741
MUL1	GABARAP	731
GABARAPL2	GABARAP	964
TBC1D17	GABARAP	958
STBD1	GABARAP	828
CX3CL1	CXCL11	859
CCL27	CXCL11	836
TGFB1	CXCL11	947
CCR7	CXCL11	930
ACKR3	CXCL11	998
CCL17	CXCL11	758
CCL22	CXCL11	735
CCL2	CXCL11	796
CCL13	CXCL11	999
CD4	CXCL11	769
ACO2	MRPL4	886
CD74	MRPL4	835
MRPL34	MRPL4	997
MRPS34	MRPL4	945
RPL8	MRPL4	886
FANCE	MRPL4	838
RPS3	MRPL4	971
HSPBP1	MRPL4	839
BYSL	MRPL4	741
RSAD1	MRPL4	841
RPL3L	MRPL4	835
SEC61A1	MRPL4	881
CERS4	DEGS2	972
TCF7L1	CTNND2	915
IRF2BPL	IRF2BP1	902
B4GALT7	CHST14	728
SYP	CALB2	743
KRT5	CALB2	790
RPS3	QARS1	877
RPL8	QARS1	760
RSAD1	QARS1	706
CD74	QARS1	706
NME3	CANT1	703
LGALS3BP	CANT1	797
NT5C1A	CANT1	734
ATIC	CANT1	942
NOTCH3	RFNG	952
LFNG	RFNG	906
HMOX1	TUT1	700
KAT2A	TADA2B	996
GSTM2	CYP2S1	711
CYP26A1	CYP2S1	944
ERP29	CYP2S1	888
MRPS34	MRPL38	934
MRPL34	MRPL38	969
MAPK3	RPS6KB2	930
TSC2	RPS6KB2	908
PPP2CB	RPS6KB2	919
KRT5	KRT17	866
KRT6B	KRT17	874
KRT14	KRT17	814
USP4	MEPCE	719
BIN3	MEPCE	922
BRD4	MEPCE	817
CBX7	CBX2	985
KDM6B	CBX2	767
GGH	SLC19A1	931
PFN1	TLR10	706
PMM1	GMPPB	924
MAPK3	PTPN7	992
MAPK13	PTPN7	932
FBL	NSUN5	759
FNTB	RCE1	966
HIP1R	CLTB	960
EHD2	CLTB	920
PIGT	PIGS	999
SLC2A4RG	LIME1	727
PPP1R1A	PRKACA	919
SLC9A3R1	PRKACA	969
SLC8A2	PRKACA	916
CSNK1G2	PRKACA	908
KCNQ1	PRKACA	970
KCNMB1	PRKACA	919
MAPK3	PRKACA	959
GABARAPL2	PRKACA	938
LIPE	PRKACA	989
SLC9A1	PRKACA	940
STAR	PRKACA	863
GRIN2D	PRKACA	713
GSK3A	PRKACA	757
MAP2K2	PRKACA	915
ARHGDIG	PRKACA	914
PYGM	MAP3K11	796
ROM1	MAP3K11	767
GRIN2D	CNIH2	761
OLFM2	CNIH2	817
NT5C1A	CNIH2	878
SELPLG	CD34	784
TP53	CD34	700
PPIF	CD34	738
TGFB1	CD34	787
CD79A	CD34	769
VWF	CD34	849
CD4	CD34	886
CD68	CD34	801
CD38	CD34	964
GORASP2	RAB1B	745
TRAPPC6A	RAB1B	817
FERMT3	RASGRP1	796
LCP2	RASGRP1	765
RASA4	RASGRP1	827
RPA1	RMI2	783
CCL27	XCR1	735
CCL17	XCR1	772
CCL22	XCR1	775
CCL13	XCR1	761
ITGAE	XCR1	715
CCL2	XCR1	853
CX3CL1	XCR1	850
RIN3	RIN1	728
ALDH2	GLS2	825
TP53	GLS2	926
SNRPA	SART1	989
PPRC1	SART1	808
SF3A2	SART1	999
RBM42	SART1	989
PRPF19	SART1	990
SF3B4	SART1	999
SF3A1	SART1	999
PLEK	ARHGAP1	733
SCN2B	KCNE3	700
KCNQ1	KCNE3	999
RANGRF	KCNE3	739
CCDC92	PSMC5	814
TP53	PSMC5	903
PSMD3	PSMC5	999
KMT5C	BRSK1	776
HSPBP1	BRSK1	764
CDC25B	BRSK1	735
HS6ST1	NDST2	735
TP53	CCAR2	726
B4GALNT3	B4GALT2	924
B3GAT2	B4GALT2	923
MRPS34	MRPL57	896
MRPL34	MRPL57	904
CTSD	CTSF	745
CLN6	CTSF	700
MAP2K5	MAPK7	999
KLF2	MAPK7	752
MEF2D	MAPK7	733
NGFR	VEGFB	731
ERBB2	VEGFB	777
DDX49	DHX37	970
FBL	DHX37	896
BYSL	DHX37	961
IMP4	DHX37	925
PFKL	ACOT1	906
TECR	ACOT1	906
ACOT8	ACOT1	952
GZMH	CTSW	765
GZMA	CTSW	710
NKG7	CTSW	899
GABARAPL2	ATG4D	993
TP53	RAD9A	813
LIG1	RAD9A	760
RPA1	RAD9A	985
LIG1	POLD4	829
CDIPT	ASPHD1	704
MARK4	MZT2A	720
LGALS3BP	MZT2A	718
SCT	ADGRE1	707
TGM1	NIPAL4	959
CYP4F22	NIPAL4	986
HNRNPH3	RBM14	717
TARDBP	RBM14	766
PRPF19	RBM14	747
HNRNPL	RBM14	773
FUS	RBM14	814
TGFB1	LTBP4	997
SORT1	GGA2	929
MAPK13	NEFH	910
FUS	NEFH	798
KLC4	NEFH	915
TARDBP	NEFH	749
TBX21	HAVCR2	701
LAG3	HAVCR2	922
CD27	HAVCR2	735
CCR7	HAVCR2	711
LGALS3	HAVCR2	858
LCP2	HAVCR2	725
CD4	HAVCR2	833
GZMB	HAVCR2	819
NECTIN2	HAVCR2	809
CD4	CD7	901
CD38	CD7	865
CD27	CD7	731
SECTM1	CD7	974
TNFRSF8	CD7	794
LGALS3	CD7	704
CD79A	CD7	754
RPL8	SRP68	930
SEC61A1	SRP68	824
RPS3	SRP68	863
LAMTOR1	ELMO1	722
PEBP1	GRK2	943
CSNK1G2	GRK2	918
CSNK1A1	GRK2	871
GNA15	GRK2	878
CCR7	GRK2	733
ALDH2	AOC3	976
CD4	AOC3	877
TP53	NFYC	711
SGCG	TCAP	742
MYL2	TCAP	945
SGCA	TCAP	782
ASCL1	INSM1	726
ACTN4	PDLIM2	817
CCL2	LEP	769
LIPE	LEP	760
APOE	LEP	715
RETN	LEP	932
TGFB1	LEP	721
TP53	CASP2	794
TNFRSF1A	CASP2	840
MED10	TAF7	814
BRD4	TAF7	719
MED15	TAF7	820
GTF2H4	TAF7	980
KAT2A	TAF7	936
RELB	NFKBIB	993
CCR7	GNAI2	706
DRD4	GNAI2	730
MAPK3	GNAI2	937
ADRA2A	GNAI2	711
S1PR4	GNAI2	912
PIK3R2	GNAI2	902
MMP15	GNAI2	903
ADORA3	GNAI2	922
MMP24	GNAI2	903
MAPK13	GNAI2	728
PLCB2	GNAI2	934
DCAF15	FBXW5	904
TSC2	FBXW5	908
RALY	HNRNPD	805
HNRNPH3	HNRNPD	918
HSPB1	HNRNPD	911
HNRNPL	HNRNPD	924
FUS	HNRNPD	938
FCER2	CD19	720
GZMB	CD19	805
TNFRSF13B	CD19	809
CD81	CD19	999
CD82	CD19	847
TNFRSF17	CD19	765
PIK3R2	CD19	944
CD79A	CD19	998
ITGAE	CD19	749
CCR7	CD19	880
TBX21	CD19	714
BLNK	CD19	932
TNFRSF8	CD19	735
CD38	CD19	946
KLRB1	CD19	747
CD4	CD19	936
BLK	CD19	878
CD27	CD19	955
LGALS3BP	LGALS7B	905
CHMP4B	CC2D1A	798
MAPK3	SPHK1	951
S1PR4	SPHK1	875
TRAF2	SPHK1	977
PLD2	SPHK1	932
CERS4	SPHK1	961
CBX7	USP20	701
SNRPA	KHDRBS1	816
TP53	KHDRBS1	701
HNRNPL	KHDRBS1	842
FUS	KHDRBS1	809
TARDBP	KHDRBS1	873
RALY	KHDRBS1	754
MRPS34	TSFM	756
RSAD1	TSFM	707
AK1	TSFM	747
CD74	TSFM	730
FANCE	TSFM	735
RPL3L	TSFM	731
RPS3	TSFM	890
SEC61A1	TSFM	732
RPL8	TSFM	735
ERAL1	TSFM	767
TXN2	MSRA	894
APOE	C1QB	705
TYROBP	C1QB	852
SERPING1	C1QB	980
CBX7	ANAPC2	732
MAD2L2	ANAPC2	718
PRCC	TFE3	968
NR1D1	PER1	762
HIP1R	GAK	940
DGKQ	GAK	738
TMEM175	GAK	743
IDUA	SGSH	974
NAGLU	SGSH	989
ARF5	ARFGAP1	795
ARF3	ARFGAP1	747
EFNB1	ZHX2	705
CYP4F22	ALOXE3	868
TGM1	ALOXE3	899
IL22RA1	IL20RA	936
ADCK2	COQ8B	716
CERS4	SGPP2	946
CNN1	CALML3	947
PLCB2	CALML3	704
KCNQ1	CALML3	988
CNGB1	CALML3	961
PYGM	CALML3	867
PFN1	CALML3	750
CAMK1	CALML3	958
GRIN2D	CALML3	740
SLC9A1	CALML3	936
GIMAP2	GIMAP7	815
BYSL	EXOSC4	864
GTPBP1	EXOSC4	754
FBL	EXOSC4	753
EXOSC5	EXOSC4	999
EXOSC7	EXOSC4	999
IMP4	EXOSC4	798
LAG3	LGALS9B	991
CDCA5	TYMS	730
TP53	TYMS	774
GGH	TYMS	708
NT5C1A	TYMS	922
ATIC	TYMS	857
QTRT1	TYMS	910
UNG	TYMS	716
TARDBP	HNRNPA0	819
HNRNPL	HNRNPA0	868
HNRNPH3	HNRNPA0	873
DVL2	DVL3	990
FZD10	DVL3	807
NOTCH3	DVL3	928
NCK2	BAIAP2	790
RPL3L	GTPBP6	724
MRPL34	GTPBP6	804
NECTIN1	PVRIG	730
NECTIN2	PVRIG	993
BIN3	BIN1	941
APOE	BIN1	908
RIN3	BIN1	999
EPHA1	BIN1	719
STAR	HSD11B2	725
SRD5A1	HSD11B2	806
CYP11A1	HSD11B2	854
NTN1	PITPNA	700
SCARF1	PITPNA	858
DMWD	SIX5	860
ALDH2	ACSS1	951
ACADS	ACSS1	950
MLYCD	ACSS1	866
SEMA3F	PLXND1	732
SEMA6A	PLXND1	815
GUCA1A	CABP1	793
ZAP70	UBASH3A	963
LCP2	UBASH3A	867
SEC61A1	SSR4	967
CHST7	CHST13	811
PLA2G7	APOL1	767
APOE	APOL1	965
TARBP2	RPP25	902
NOB1	RPP25	810
HSD17B10	RPP25	906
YKT6	STX4	840
NAPA	STX4	982
VAMP8	STX4	999
USE1	STX4	740
ATP5F1D	COX5A	980
UQCRC1	COX5A	999
NDUFB11	COX5A	982
ATP5F1B	COX5A	952
TRIR	COX5A	976
NDUFS3	COX5A	996
NDUFS7	COX5A	984
NDUFA2	COX5A	972
MYOM2	SH2D3C	801
TGM1	RPTN	719
PPP1R3F	GYS1	923
PYGM	GYS1	912
STBD1	GYS1	875
DUOXA1	DUOX1	999
FOSB	EGR3	956
EGR1	EGR3	876
NAPA	BLOC1S4	800
SELPLG	FUT7	812
EGLN3	OS9	808
CNGB1	ZNF513	738
EGR1	CDK5R1	796
CDC25B	CDK5R1	830
TP53	CDK5R1	798
CYP27A1	VSIG2	788
MAZ	TRAF7	793
KCNQ1	PHLDA2	904
SYMPK	LSM10	946
SF3A1	LSM10	827
PRPF19	LSM10	890
CD4	ICOS	929
TBX21	ICOS	775
CD27	ICOS	833
CCR7	ICOS	838
GZMK	ICOS	710
PIK3R2	ICOS	915
TNFRSF13B	ICOS	832
LAG3	ICOS	807
GZMB	ICOS	739
GZMA	ICOS	723
WFS1	OPA3	824
PLD2	CHDH	843
LPCAT3	CHDH	800
ACTR3B	HCLS1	952
MAPRE3	HCLS1	766
ARPC1A	HCLS1	933
LCP2	HCLS1	715
HIP1R	HCLS1	923
PFN1	HCLS1	724
NAT14	ZNF579	725
ARSA	NEU4	916
GAL3ST2	NEU4	904
P2RX1	P2RY13	809
FUS	ARID1A	703
BRD4	ARID1A	818
TP53	ARID1A	961
NCK2	WIPF2	980
SLC2A4RG	SLC2A4	747
LIPE	SLC2A4	810
DAXX	SLC2A4	886
EHD2	SLC2A4	719
TNFRSF1A	TNIP2	995
RELB	TNIP2	751
NTRK2	SH2B1	966
PGD	TALDO1	986
PFKL	TALDO1	984
ACO2	TALDO1	708
PGLS	TALDO1	845
GCK	TALDO1	882
BCKDHA	TALDO1	867
GRWD1	HGH1	708
NOB1	HGH1	720
MYOD1	MSC	711
HES6	MSC	817
TCF3	MSC	714
LGALS3	GEMIN4	945
GEMIN7	GEMIN4	997
TARBP2	GEMIN4	833
CDIPT	DPM2	835
PIGQ	DPM2	999
PROC	PGA3	803
NOB1	RRS1	858
GRWD1	RRS1	926
NOP53	RRS1	932
FBL	RRS1	836
BYSL	RRS1	945
RPL8	RRS1	707
PPAN	RRS1	931
IMP4	RRS1	885
KCNQ1	SCN4B	713
SCN2B	SCN4B	878
SNTA1	SCN4B	877
TRPM4	SCN4B	818
NT5C1A	DCTPP1	909
NME3	DCTPP1	910
NDUFS3	SLC25A41	816
NDUFS7	SLC25A41	749
NDUFA2	SLC25A41	748
ATP6V1B2	ROGDI	722
NOTCH3	DTX2	745
BCKDHA	BCAT2	997
ILVBL	BCAT2	790
TDH	BCAT2	906
SDS	BCAT2	906
ERAL1	MTG1	758
MRPL34	MTG1	824
NDUFS7	NDUFAF3	999
NDUFA2	NDUFAF3	953
NDUFB11	NDUFAF3	923
NDUFS3	NDUFAF3	999
ECSIT	NDUFAF3	998
CD4	CD6	811
LCP2	CD6	905
SLC15A3	CD6	790
XRCC1	PNKP	999
TCF3	SOX2	701
KLF2	SOX2	798
ASCL1	SOX2	748
MSI1	SOX2	803
TP53	SOX2	883
ESS2	SOX2	838
PPAN	P2RY11	982
P2RX1	P2RY11	860
RFX1	FOXJ1	770
CD82	CD151	770
CD81	CD151	926
PFKL	ENO3	829
CKM	ENO3	843
PYGM	ENO3	806
MYH1	ENO3	730
ACTN4	ZYX	978
PFN1	ZYX	748
TSC2	ULK1	731
GABARAPL2	ULK1	997
PPP2CB	ULK1	913
PPP1R1A	PPP2R1A	912
PPP2R5B	PPP2R1A	999
MAP2K2	PPP2R1A	919
PPP4C	PPP2R1A	984
MAPK3	PPP2R1A	932
TP53	PPP2R1A	946
PPP2CB	PPP2R1A	999
VPS37B	MVB12A	999
CHMP4B	MVB12A	929
TP53	STK11	970
TSC2	STK11	857
PPP2R5B	PPP2R2A	916
PPP1R1A	PPP2R2A	902
PPP4C	PPP2R2A	892
PPP2CB	PPP2R2A	999
PLCB2	PKD2L1	739
GABARAPL2	MAP1S	856
RALY	HNRNPM	801
HNRNPH3	HNRNPM	945
SNRPA	HNRNPM	707
HNRNPL	HNRNPM	974
FUS	HNRNPM	947
TARDBP	HNRNPM	901
SRSF9	HNRNPM	741
CERS4	CERS5	935
GDF1	CERS5	808
HLA-F	KIR3DL2	993
FZD10	WNT11	964
DKK4	WNT11	813
WNT9A	WNT11	739
DVL2	WNT11	880
MED15	MED16	999
MED10	MED16	999
GTF2H4	MED16	817
KAT2A	MED16	756
EXOC3L2	EXOC3L1	726
MAPK13	CARM1	911
TP53	CARM1	930
APOE	CARM1	948
CD81	CD37	725
CD82	CD37	796
PDRG1	PPP1CA	786
PPP1R3F	PPP1CA	929
PPP1R13B	PPP1CA	938
PIH1D1	PPP1CA	854
PPP1R7	PPP1CA	992
C20ORF27	PPP1CA	814
PPP1R12C	PPP1CA	955
SYMPK	PPP1CA	728
MYL2	PPP1CA	742
PPP1R1A	PPP1CA	960
HIGD2A	COX14	743
SERPING1	KLK4	998
F12	KLK4	730
CYP26A1	DHRS4	938
ACADS	DHRS4	865
SETD1A	PAGR1	746
DDX39A	THOC6	809
SGCG	FKRP	866
SGCA	FKRP	874
LMO2	ZFPM1	973
SPI1	ZFPM1	726
MED15	MED25	997
MED10	MED25	996
GTF2H4	MED25	828
NOB1	IMP3	755
APMAP	IMP3	761
RPL3L	IMP3	888
CD74	IMP3	938
RPS3	IMP3	983
FANCE	IMP3	887
FBL	IMP3	988
MRPL34	IMP3	783
HSPBP1	IMP3	840
EXOSC5	IMP3	904
ATP5F1D	IMP3	736
SEC61A1	IMP3	887
RSAD1	IMP3	895
RPL8	IMP3	896
EXOSC7	IMP3	818
GRWD1	IMP3	737
BYSL	IMP3	997
IMP4	IMP3	999
BHLHE40	RORC	838
CD4	RORC	801
TBX21	RORC	906
ALDH2	MDH2	738
ATP5F1D	MDH2	853
ATP5F1B	MDH2	921
ACO2	MDH2	951
UQCRC1	MDH2	921
SLC25A11	MDH2	849
SLC6A3	ATP13A2	816
SCT	VIPR1	894
RAMP2	VIPR1	942
RAMP1	VIPR1	766
RAMP3	VIPR1	753
VIPR2	VIPR1	970
HMOX1	NOS2	716
ACP5	ACP7	705
RIPK3	GLUD2	900
ALDH2	GLUD2	862
ERP29	P4HB	700
ATP5F1B	P4HB	731
SEC61A1	P4HB	855
IL12B	P4HB	767
SIRT2	ATAT1	806
PPP2CB	INTS5	994
CD4	IL3RA	887
CD38	IL3RA	792
CCR7	IL3RA	727
ACADS	ACSM5	940
SEC61A1	SRPRA	957
RPL8	SRPRA	943
NOTCH3	JAG2	999
CTSD	CLN8	764
CLN6	CLN8	987
TNFRSF8	TNFRSF18	821
CD27	TNFRSF18	870
LAG3	TNFRSF18	786
TNFRSF1A	TNFRSF18	829
ITGAE	TNFRSF18	806
CD4	TNFRSF18	871
SF3A2	HMG20B	719
CHST8	B4GALNT4	923
B4GALNT3	B4GALNT4	909
ROM1	PDE6G	754
CNGB1	PDE6G	879
GUCY2D	PDE6G	837
GNA12	S1PR5	990
HSCB	GLRX5	944
TGFB1	NRROS	961
BRD4	HEXIM1	987
TP53	TOP1MT	873
BYSL	NOC4L	999
EXOSC7	NOC4L	879
CD74	NOC4L	812
DDX49	NOC4L	928
IMP4	NOC4L	999
GRWD1	NOC4L	920
NOB1	NOC4L	955
EXOSC5	NOC4L	807
PPAN	NOC4L	724
FBL	NOC4L	992
CACNG1	STAC3	767
CD27	SIVA1	972
PFN1	FMNL1	953
MIF	KRT7	760
CEACAM5	KRT7	883
SYP	KRT7	840
TP53	KRT7	787
BST1	SIRT7	925
CD38	SIRT7	921
FBL	SIRT7	749
BRD4	SIRT7	754
TP53	SIRT7	904
YKT6	KDELR1	722
SDF2L1	KDELR1	877
MCHR1	GALR2	710
CERS4	PLPP2	931
PLD2	PLPP2	782
ATP5F1B	ATP6V0C	874
ATP12A	ATP6V0C	847
ATP6V1C2	ATP6V0C	980
ATP6V0A1	ATP6V0C	999
ATP5F1D	ATP6V0C	985
CCDC115	ATP6V0C	885
ATP6V1B2	ATP6V0C	999
TCIRG1	ATP6V0C	998
KDM6B	ATP6V0C	709
LGALS3	LGALS9C	740
LAG3	LGALS9C	991
MFGE8	BTNL9	784
IRF1	SOCS3	789
CD4	SOCS3	712
CCL2	SOCS3	749
TYRO3	SOCS3	732
ERBB2	PDGFB	771
TGFB1	PDGFB	743
NTRK2	PDGFB	708
NGFR	PDGFB	818
PI3	SPRR3	765
CRNN	SPRR3	722
KRT13	SPRR3	759
TGM1	SPRR3	708
CRNN	TMPRSS11B	863
MAPK13	MAPK8IP2	871
MAP3K10	MAPK8IP2	932
KLC4	MAPK8IP2	911
NAGLU	TMED9	814
TMED1	TMED9	876
ISY1	TSSC4	701
KCNQ1	TSSC4	819
CD81	TSSC4	711
RNF39	ZNRD1	707
GTF2H4	ZNRD1	706
ZAP70	CD8B	961
GZMK	CD8B	720
PATZ1	CD8B	814
GZMA	CD8B	717
CD4	CD8B	980
CD27	CD8B	716
PTPN23	HGS	857
CHMP4B	HGS	954
VPS37B	HGS	940
DKK4	KREMEN1	975
DGCR6L	GNB1L	705
DGCR2	GNB1L	717
ATP12A	GAST	934
NTS	GAST	871
MCOLN1	GAST	723
SCT	GAST	952
GRP	GAST	967
HSPB1	PRKCD	706
PIK3R2	PRKCD	916
TP53	PRKCD	767
MAP2K2	PRKCD	924
MAPK3	PRKCD	935
PLCB2	PRKCD	918
TRAF2	PRKCD	910
SPI1	IKZF1	864
TCF3	IKZF1	708
ACTN4	CAPN12	793
ECSIT	TMEM186	961
PKP1	PKP3	916
HIRA	DGCR6	762
DGCR2	DGCR6	846
DGCR6L	TBX1	709
MFGE8	GAS6	933
LGALS3	GAS6	773
TYRO3	GAS6	999
TP53	IDH2	783
PGD	IDH2	805
ACO2	IDH2	998
CCL2	CD86	737
CD38	CD86	862
CD4	CD86	958
LAG3	CD86	979
ITGAE	CD86	722
GZMB	CD86	819
CD27	CD86	992
CCR7	CD86	895
KLRK1	CD86	795
CD68	CD86	790
IRF8	CD86	708
SELPLG	SNX20	896
NGEF	EPHB3	920
EFNB1	EPHB3	999
TAB1	SYNGR1	783
SYP	SYNGR1	795
KCNQ1	ASCL2	806
TCF3	ASCL2	791
IMP4	DDX28	807
ERAL1	DDX28	773
MRPL34	DDX28	823
GRWD1	DDX28	724
CCL17	CCR10	992
CX3CL1	CCR10	785
CD4	CCR10	726
CCL22	CCR10	965
CCL27	CCR10	999
CCR7	CCR10	840
CCL2	CCR10	897
CCL13	CCR10	755
CTAG2	CTAG1B	868
CD4	CTAG1B	787
CCL22	CCR4	997
CCL2	CCR4	920
CCL17	CCR4	996
CD4	CCR4	736
CCL27	CCR4	836
NMU	NPB	700
STUB1	SMAD3	979
JUND	SMAD3	839
MAPK3	SMAD3	964
MYOD1	SMAD3	929
HDAC5	SMAD3	730
SMAD7	SMAD3	976
KDM6B	SMAD3	835
TGFB1	SMAD3	990
TP53	SMAD3	963
NT5C1A	ADSS1	929
ATIC	ADSS1	996
PLD2	PLA2G6	733
PLA2G7	PLA2G6	831
FADS2	PLA2G6	713
PLA2G15	PLA2G6	856
ITPKA	INPP5J	927
ITPKC	INPP5J	919
UBE2B	UBA7	924
CDC34	UBA7	866
UBE2R2	UBA7	843
UBE2M	UBA7	811
TELO2	FAAP100	788
FANCE	FAAP100	999
LGALS3	LAMP1	862
GABARAPL2	LAMP1	752
LAMTOR1	LAMP1	711
KLRK1	LAMP1	729
CD4	LAMP1	775
CD81	LAMP1	729
GTPBP1	LAMP1	757
CTSD	LAMP1	999
CD68	LAMP1	915
GZMB	LAMP1	773
RAB7A	LAMP1	780
TUBB4A	TUBA8	965
GZMB	TUBA8	910
RAB7A	RAB11B	819
RAB11FIP3	RAB11B	720
HSD17B10	ACAA1	969
TECR	ACAA1	756
ACADS	ACAA1	992
ALDH2	ACAA1	711
TAB1	MAPK11	899
MAPK13	MAPK11	765
JUND	MAPK11	740
HSPB1	MAPK11	809
TP53	MAPK11	960
MAPK3	MAPK11	910
MAP2K2	MAPK11	947
FOSB	MAPK11	774
CDC25B	MAPK11	927
MEF2D	MAPK11	830
ZAP70	MAPK11	951
LGALS3	BSG	702
TP53	BSG	727
FANCE	MRPL12	953
MRPL34	MRPL12	936
CLPP	MRPL12	727
HSPBP1	MRPL12	918
MRPS34	MRPL12	964
RPL3L	MRPL12	971
SEC61A1	MRPL12	870
CD74	MRPL12	971
RPL8	MRPL12	973
RSAD1	MRPL12	972
RPS3	MRPL12	999
ATP5F1D	MRPL12	958
MAPK13	RPS6KA4	917
LAG3	BTLA	887
CD27	BTLA	836
DCTN3	HAP1	809
SORT1	HAP1	757
KLC4	HAP1	888
EMC7	EMC10	999
CACNG1	CACNA1H	817
NTN1	UNC5B	999
SLC9A1	TESC	985
TMOD1	CARMIL2	844
GZMB	PDCD1	832
LAG3	PDCD1	950
CD68	PDCD1	730
IL2RB	PDCD1	715
KLRK1	PDCD1	739
CD38	PDCD1	751
ZAP70	PDCD1	730
CD4	PDCD1	960
TBX21	PDCD1	700
GZMA	PDCD1	778
EDAR	EDARADD	999
WNT10A	EDARADD	735
BCL9	BCL9L	963
GNA15	ARHGEF25	726
CLASRP	PPFIA3	747
APBA1	PPFIA3	814
GSTM2	GSTA1	748
CD74	EIF5A	766
RPL3L	EIF5A	827
FANCE	EIF5A	804
DHPS	EIF5A	999
RPL8	EIF5A	977
RPS3	EIF5A	994
PDXP	LIMK1	786
CORO1A	FGD3	794
GUCY2D	UNC119	759
CCL13	CXCL14	996
CCR7	CXCL14	768
CCL17	CXCL14	996
DAXX	MEN1	876
AIP	MEN1	728
CDKN2C	MEN1	781
TP53	MEN1	720
PYGM	MEN1	830
JUND	MEN1	998
GNA12	ARHGEF1	999
LAMTOR1	ARHGEF1	718
BST1	SIRT6	928
TP53	SIRT6	748
CD38	SIRT6	926
ISY1	HDHD5	753
STAR	STARD3	807
PSMD3	STARD3	758
ERBB2	STARD3	739
MGLL	PNPLA2	979
LIPE	PNPLA2	971
PLIN3	PNPLA2	835
CDIPT	ISYNA1	816
IMPA2	ISYNA1	992
TP53	PIDD1	958
MNT	MXD4	897
CD4	IL21R	781
IL12B	IL21R	705
CD27	IL21R	732
HSPB8	DNAJB2	759
FERMT3	SKAP1	722
ZAP70	SKAP1	845
LCP2	SKAP1	987
LYL1	LMO1	886
TCF3	LMO1	850
TP53	UBA1	710
STUB1	UBA1	753
UBE2B	UBA1	989
UBE2M	UBA1	990
UBE2R2	UBA1	974
CDC34	UBA1	994
ZNF777	ZNF212	717
GALNS	CDK10	741
SCARF1	ZNF444	790
FERMT3	RASGRP2	907
TP53	ZNF385A	910
GSTM2	GGT7	723
GABARAPL2	ATG101	822
PPP2CB	ATG101	900
ERBB2	GRAP2	774
LCP2	GRAP2	999
PTPN23	GRAP2	932
BLNK	GRAP2	704
ZAP70	GRAP2	974
TYROBP	GRAP2	704
CD4	GRAP2	742
CNFN	KRTDAP	805
CD74	HLA-DQA1	994
HLA-DOA	HLA-DQA1	739
CD4	HLA-DQA1	982
RAB7A	RHOG	785
ARHGDIG	RHOG	915
CD27	ICOSLG	964
PAF1	NELFB	904
ELL	NELFB	942
MLLT1	NELFB	932
HCST	KIR2DL4	738
TYROBP	KIR2DL4	883
GLIS2	KIR2DL4	761
ERBB2	FGFR3	765
PIK3R2	FGFR3	844
TP53	FGFR3	718
PIK3R2	PIK3AP1	923
BLNK	PIK3AP1	702
NCK2	PIK3AP1	703
BRD4	H3-5	990
SETD1A	H3-5	917
DNMT3L	H3-5	998
CBX7	H3-5	967
BCL9	H3-5	838
SIRT2	H3-5	862
KAT2A	H3-5	956
EGLN3	H3-5	752
MLLT1	H3-5	811
KDM6B	H3-5	928
TP53	H3-5	864
HDAC5	H3-5	739
CORO1A	CORO1B	813
SYP	PARK7	729
TP53	PARK7	814
STUB1	PARK7	820
MIF	PARK7	718
DAXX	PARK7	969
TBX21	TCF7	713
TCF7L1	TCF7	944
ARSA	SMPD1	700
CERS4	SMPD1	962
KLRB1	SMPD1	898
SORT1	SMPD1	778
PI3	PPL	735
TGM1	PPL	840
PKP1	PPL	866
TENM4	ADGRL1	994
GNA12	ADGRL1	790
MEF2D	ASH2L	905
SETD1A	ASH2L	999
KDM6B	ASH2L	943
CDC25B	SFN	844
TP53	SFN	999
JUND	SFN	912
TSC2	SFN	816
HSPB6	SFN	916
BLNK	SFN	900
KIAA0930	SFN	829
DKK4	WNT7B	787
FZD10	WNT7B	964
BCKDHA	SDSL	827
BCKDHA	TDH	827
ILVBL	SDSL	704
ILVBL	TDH	704
SDS	SDSL	906
SDS	TDH	906
TDH	SDSL	906
TDH	TDH	906
VAC14	MTSS2	781
CD4	STAT5A	843
IL10RA	STAT5A	864
MAPK3	STAT5A	777
TP53	STAT5A	755
IL2RB	STAT5A	983
TBX21	STAT5A	734
TNFRSF1A	TRADD	999
TAB1	TRADD	969
NGFR	TRADD	953
TNFSF10	TRADD	865
TRAF2	TRADD	999
RIPK3	TRADD	999
NAPA	DTNBP1	809
VPS51	DTNBP1	741
SGCA	CAV3	925
SGCG	CAV3	882
SNTA1	CAV3	989
HPN	SPINT1	833
ST14	SPINT1	998
RETN	SERPINA12	720
GLIS2	NCR3	706
KLRK1	NCR3	972
CD27	NCR3	725
GZMB	NCR3	736
TYROBP	NCR3	834
NECTIN2	NCR3	959
HCST	NCR3	795
APBA1	NCR3	704
KLRB1	NCR3	719
LGALS3	NCR3	899
TRPM4	TRPV2	848
MCOLN1	TRPV2	756
TCF3	MESP2	820
LFNG	MESP2	925
MRPL34	AURKAIP1	846
ERAL1	AURKAIP1	961
MRPS34	AURKAIP1	993
CD27	CD5	908
CD38	CD5	892
CD79A	CD5	866
BLNK	CD5	861
CCR7	CD5	890
CD4	CD5	997
TNFRSF8	CD5	844
ZAP70	CD5	883
DUOXA1	NOXA1	778
LAMTOR1	LAMTOR4	999
ATP6V1B2	LAMTOR4	700
KRT5	TRIM29	802
DVL2	TRIM29	856
PARD6A	PARD6G	908
RABAC1	YIF1B	742
TNFRSF13B	TNFSF13	999
TNFRSF1A	TNFSF13	827
TNFRSF17	TNFSF13	997
ELL	TCEA2	951
MLLT1	TCEA2	928
GTF2H4	TCEA2	703
PAF1	TCEA2	939
TPSD1	TPSAB1	977
MS4A2	TPSAB1	850
KAT2A	SMARCA4	947
SETD1A	SMARCA4	714
TCF7L1	SMARCA4	715
KDM4B	SMARCA4	783
KDM6B	SMARCA4	935
TP53	SMARCA4	993
FUS	SMARCA4	873
IRF1	SMARCA4	730
MYOD1	SMARCA4	957
BRD4	SMARCA4	957
TRIM28	SMARCA4	893
SLC9A1	ABCA2	752
ABCB6	ABCA2	929
ATP1B2	ABCA2	726
ATP12A	ABCA2	754
PLD2	TMEM189-UBE2V1	902
STUB1	TMEM189-UBE2V1	813
TP53	H1-0	726
KCNK13	KCNK7	715
HMOX1	MAFK	869
ATIC	DALRD3	701
SMAD7	MAP2K3	812
TP53	MAP2K3	711
MAPK3	MAP2K3	980
TAB1	MAP2K3	978
TRAF2	MAP2K3	920
MAPK13	MAP2K3	969
FUS	UBQLN2	952
PFN1	UBQLN2	712
TARDBP	UBQLN2	968
UQCRC1	PTGES2	740
ARPC1A	ARPC5L	999
ACTR3B	ARPC5L	979
APBA1	CASKIN1	841
STUB1	NHLRC1	758
KAT2A	E2F1	888
BRD4	E2F1	918
TP53	E2F1	986
CTSD	CTSB	977
CD68	CTSB	792
CD74	CTSB	954
TCF3	GATA2	861
LYL1	GATA2	894
SPI1	GATA2	993
LMO2	GATA2	997
MS4A2	GATA2	723
TRPM4	SCNN1B	748
SCN2B	SCNN1B	767
TCF7L1	TEAD3	817
WNT2	FZD9	969
DVL2	FZD9	927
WNT6	FZD9	940
CELSR1	FZD9	758
WNT9A	FZD9	866
WNT10A	FZD9	898
RPL3L	RPS21	971
EEFSEC	RPS21	974
HSPBP1	RPS21	759
EIF3K	RPS21	980
HBA2	RPS21	900
SEC61A1	RPS21	824
CD74	RPS21	979
BYSL	RPS21	992
FANCE	RPS21	974
RPS3	RPS21	999
EIF1B	RPS21	833
NOB1	RPS21	980
EDF1	RPS21	962
RPL8	RPS21	999
RSAD1	RPS21	972
DMWD	DMPK	811
TMEM147	RPL3	824
SEC61A1	RPL3	981
RPL3L	RPL3	902
NCLN	RPL3	823
MRPL34	RPL3	820
RPL8	RPL3	999
EDF1	RPL3	832
HSPBP1	RPL3	790
CD74	RPL3	937
RSAD1	RPL3	917
FANCE	RPL3	929
EEFSEC	RPL3	947
NOP53	RPL3	944
GRWD1	RPL3	985
RPS3	RPL3	999
FBL	RPL3	974
SYMPK	RPL3	844
RPS3	RPLP1	999
CD74	RPLP1	940
FANCE	RPLP1	970
RSAD1	RPLP1	962
HSPBP1	RPLP1	737
RPL8	RPLP1	999
RPL3L	RPLP1	970
ACADS	ETFB	924
HSD17B10	ETFB	860
HLA-F	TAP1	832
IRF1	TAP1	821
BPIFA2	BPIFA1	730
MYBPH	OCA2	996
TARDBP	HNRNPA2B1	998
FUS	HNRNPA2B1	990
SRSF9	HNRNPA2B1	809
RALY	HNRNPA2B1	742
PRPF19	HNRNPA2B1	775
PABPN1	HNRNPA2B1	726
HNRNPH3	HNRNPA2B1	968
SF3A2	HNRNPA2B1	730
HNRNPL	HNRNPA2B1	999
BCL2L2	BMF	996
CYP26A1	UGT1A9	703
SRD5A1	UGT1A9	712
B3GAT2	UGT1A9	800
ACADS	ALDH9A1	912
SF3A2	LUC7L2	753
SF3A1	LUC7L2	835
SNRPA	LUC7L2	854
PLCB2	PIP4K2C	710
PIK3R2	PIP4K2C	924
ACTN4	PIP4K2C	905
MYL2	MYL4	973
MYH1	MYL4	832
PIGQ	GPAA1	712
PIGT	GPAA1	999
NME3	ENTPD2	917
AK1	ENTPD2	925
BRF2	POLR3H	828
NGFR	LINGO1	999
RTN4R	LINGO1	995
MYH1	MYH7	962
MYL2	MYH7	999
CKM	MYH7	862
TNNC1	MYH7	780
GFRA3	GFRA1	774
MVK	DHCR7	833
SIGMAR1	DHCR7	891
CYP11A1	DHCR7	904
CYP27A1	DHCR7	933
ERG28	DHCR7	915
SULT2B1	DHCR7	815
TUBB4A	TBCD	725
NECTIN2	TNFRSF14	822
GYPC	TNFRSF14	776
CD27	TNFRSF14	770
TNFRSF1A	TNFRSF14	753
LAG3	TNFRSF14	762
NECTIN1	TNFRSF14	887
TNFRSF8	TNFRSF14	856
TRAF2	TNFRSF14	978
MED15	SREBF1	958
SCAP	SREBF1	998
RETN	SREBF1	704
MVK	SREBF1	736
STAR	SREBF1	716
LIPE	SREBF1	769
TP53	SREBF1	801
APOE	SREBF1	721
PARD6A	RAC1	910
TAB1	RBCK1	721
TRAF2	RBCK1	929
TNFRSF1A	RBCK1	998
ALDH2	ACOX3	864
ACADS	ACOX3	925
NOTCH3	FABP7	750
WRAP73	MEGF6	889
PEX16	PEX14	971
FIS1	PEX14	703
PEX11G	PEX14	727
DLL4	NRARP	733
DTX1	NRARP	773
NOTCH3	NRARP	700
MVK	FDPS	911
FNTB	FDPS	953
CTAG2	MAGEA1	845
PARD6A	CRB3	954
ICAM5	ITGAL	996
ZAP70	ITGAL	703
ITGB7	ITGAL	976
ICAM3	ITGAL	999
CD4	ITGAL	859
CCR7	ITGAL	764
CD38	ITGAL	714
TNFSF10	TNFRSF10C	998
FUS	PTBP1	852
PRPF19	PTBP1	715
SRSF9	PTBP1	776
SNRPA	PTBP1	966
HNRNPH3	PTBP1	770
TARDBP	PTBP1	963
HNRNPL	PTBP1	993
MAD2L2	ADAM15	809
CRTAM	SCRIB	707
CELSR1	SCRIB	811
LFNG	MFNG	909
NOTCH3	MFNG	955
EHD2	CAVIN1	893
DAXX	RASSF1	948
HRC	ATP2A1	946
MYH1	ATP2A1	737
DCTN3	DYNLRB1	864
CSK	DOK3	928
TYROBP	DOK3	820
CBX7	ANAPC11	720
CDCA5	SMC1B	757
HSD17B10	POP5	921
TARBP2	POP5	904
ARF3	AP1B1	752
VAMP8	AP1B1	726
ELL	DENND2D	741
MYL2	MYBPC2	902
MYH1	MYBPC2	858
FOSB	MAFG	702
CD79A	PAX5	946
TNFRSF8	PAX5	795
SPI1	PAX5	817
TCF3	PAX5	856
BLNK	PAX5	760
BLK	PAX5	795
IRF8	PAX5	728
EFNB1	EPHB4	999
NGEF	EPHB4	926
CCL22	CX3CR1	877
CCR7	CX3CR1	762
TYROBP	CX3CR1	773
CCL13	CX3CR1	861
APOE	CX3CR1	764
CCL17	CX3CR1	799
CX3CL1	CX3CR1	999
CD68	CX3CR1	750
CCL2	CX3CR1	998
CD4	CX3CR1	770
ITGAE	CX3CR1	715
CCL27	CX3CR1	759
XRCC1	XAB2	706
SF3B4	XAB2	930
SNRPA	XAB2	933
SF3A1	XAB2	992
PPRC1	XAB2	831
PRCC	XAB2	891
SF3A2	XAB2	976
ISY1	XAB2	999
USB1	XAB2	788
PRPF19	XAB2	999
TP53	CNOT3	782
EPHA1	EPHA2	976
ERBB2	EPHA2	834
NGEF	EPHA2	937
CD81	EPHA2	750
EFNB1	EPHA2	932
PSMD3	PSMB10	857
ERBB2	PLXNB1	994
KDM6B	WDR5	954
SETD1A	WDR5	999
KAT2A	WDR5	999
TP53	WDR5	768
MLLT1	WDR5	899
BRD4	WDR5	860
GRWD1	WDR5	702
CD4	NAALADL1	751
CD27	NAALADL1	731
CCR7	NAALADL1	779
CD4	FCGR2B	842
CD68	FCGR2B	722
LGALS3	FCGR2B	992
ERAL1	GTPBP3	784
PRCC	TFEB	820
LAMTOR1	TFEB	881
MCOLN1	TFEB	860
CTSD	TFEB	729
STUB1	VCP	812
PFN1	VCP	814
TP53	VCP	709
PSMD3	VCP	770
TCF25	VCP	826
GRN	VCP	762
SEC61A1	VCP	898
TARDBP	VCP	964
RAB7A	VCP	703
FUS	VCP	832
MUL1	MARCHF5	786
FIS1	MARCHF5	965
TSKS	AP2A1	700
EHD2	AP2A1	911
NICN1	TPGS1	971
CKM	MYOZ1	709
HNRNPL	PCBP2	951
SNRPA	PCBP2	743
SRSF9	PCBP2	704
SRF	HAND2	709
TCF3	HAND2	846
MGLL	AKR1B10	911
GALM	AKR1B10	913
GCK	AKR1B10	827
SPR	AKR1B10	915
QDPR	AKR1B10	921
ALDH2	AKR1B10	930
APOE	LRP10	872
CASQ2	RYR1	958
QDPR	RYR1	986
CD38	RYR1	912
CACNG1	RYR1	869
GPC1	COL18A1	968
PYGM	MB	810
MYL2	MB	835
CKM	MB	789
ST14	SPINK5	887
NTRK2	PTPRF	700
LRFN3	PTPRF	767
HRC	ATP2A3	916
CD74	HLA-DRB1	995
LAG3	HLA-DRB1	750
HLA-DOA	HLA-DRB1	947
CD4	HLA-DRB1	994
LCP2	HLA-DRB1	776
HLA-F	HLA-DRB1	940
TYROBP	CD300A	745
TERF2	RTEL1	742
RAB7A	RAB5B	729
RIN3	RAB5B	929
DAB2IP	ANKS1A	771
MGLL	CES1	808
LIPE	CES1	782
PTPN23	SCAF1	725
ERF	SCAF1	999
REXO1	SCAF1	815
F12	TPPP	711
ACTR3B	TPPP	844
TNFRSF13B	TLR9	722
TICAM1	TLR9	969
IRF1	TLR9	701
UNC93B1	TLR9	970
CD4	TLR9	868
CCR7	TLR9	701
TYROBP	SIGLEC14	998
CLN6	DNAJC5	863
STUB1	DNAJC5	841
CTSD	DNAJC5	702
SYP	DNAJC5	878
PRPF19	DNAJC5	855
CDK2AP1	ZNF219	839
TP53	PPP1R13L	999
GSTM2	GSTM3	996
RAB11FIP3	RAB25	896
ARSA	CYB5R3	779
HBA2	CYB5R3	923
SCAP	SREBF2	999
TM7SF2	SREBF2	718
MVK	SREBF2	820
TP53	SREBF2	978
MED15	SREBF2	830
TNNC1	TNNI1	993
MYL2	TNNI1	937
MYH1	TNNI1	739
SLC9A1	ATP1A2	790
ATP12A	ATP1A2	725
ABCB6	ATP1A2	732
MAPK3	ATP1A2	916
ATP1B2	ATP1A2	993
ADRA2A	COMT	720
PNMT	COMT	965
DRD4	COMT	942
SLC6A3	COMT	917
ZAP70	CD3E	998
CD27	CD3E	787
CCR7	CD3E	744
GZMA	CD3E	702
NKG7	CD3E	731
CD38	CD3E	700
GZMK	CD3E	726
LCP2	CD3E	824
CSK	CD3E	766
CD4	CD3E	991
CD68	CD3E	721
CLN6	PPT2	711
TRIM28	MAGEC2	992
CD79A	FCRL5	702
TNFRSF17	FCRL5	743
BCL9	FCRL5	721
HLA-DOA	CD247	914
TYROBP	CD247	916
HCST	CD247	939
GZMK	CD247	784
GZMB	CD247	883
NKG7	CD247	747
CSK	CD247	805
ZAP70	CD247	999
CD27	CD247	821
CCR7	CD247	750
KLRK1	CD247	901
KLRB1	CD247	907
IL2RB	CD247	917
LCP2	CD247	941
GZMA	CD247	866
CD4	CD247	989
CD4	CXCL9	790
GZMA	CXCL9	819
GZMB	CXCL9	728
CD79A	CXCL9	988
CCR7	CXCL9	961
IRF1	CXCL9	818
CCL22	CXCL9	843
CX3CL1	CXCL9	926
CCL27	CXCL9	886
CCL17	CXCL9	791
CCL2	CXCL9	999
CCL13	CXCL9	999
ACKR3	CXCL9	807
IL1RN	CXCL9	701
APOE	ABCG1	928
SULT2B1	ABCG1	720
CACNG1	CACNA1S	997
TP53	E2F2	791
NDUFS3	R3HDM4	869
RPL8	GAGE2B	780
RPL8	GAGE2A	780
RPS3	GAGE2B	783
RPS3	GAGE2A	783
MYH1	ACTN2	869
ACTN4	ACTN2	839
CASQ2	ACTN2	703
MYOM2	ACTN2	744
MYL2	ACTN2	924
AK1	NTPCR	907
NME3	NTPCR	946
TNNC1	ACTA1	964
MYL2	ACTA1	926
MYH1	ACTA1	892
TMOD1	ACTA1	929
PFN1	ACTA1	976
CKM	ACTA1	855
NT5C1A	GUK1	925
NME3	GUK1	950
TBX21	HLX	894
FCER2	CR2	982
CD27	CR2	905
CD79A	CR2	886
TNFRSF13B	CR2	778
CD81	CR2	998
CD4	CR2	798
FCRL4	CR2	708
CD38	CR2	794
TNFRSF8	CR2	725
MAPK3	MAPKAPK2	798
HSPB1	MAPKAPK2	999
CDC25B	MAPKAPK2	702
ZFP36L2	MAPKAPK2	926
MAPK13	MAPKAPK2	975
PIK3R2	PIK3C2B	952
CDIPT	PIK3C2B	914
TECR	PIK3C2B	894
LYZ	CHIT1	799
ADORA3	ADORA1	907
CNN1	LMOD1	812
KLRK1	RAET1L	999
PLEK	RGS1	751
GNA12	RGS1	796
NAPA	STX11	887
UNC13D	STX11	990
YKT6	STX11	844
VAMP8	STX11	990
SF3B4	SF3B5	999
SF3A1	SF3B5	999
PRPF19	SF3B5	995
RBM42	SF3B5	827
SNRPA	SF3B5	973
CCDC97	SF3B5	896
SF3A2	SF3B5	999
ARMC7	SF3B5	922
KAT2A	SF3B5	770
GFER	QSOX1	869
KLRK1	FASLG	771
GZMA	FASLG	889
LAG3	FASLG	768
TNFSF10	FASLG	971
CD4	FASLG	868
TNFRSF1A	FASLG	998
TGFB1	FASLG	724
IL2RB	FASLG	740
DAXX	FASLG	767
GZMH	FASLG	747
CCL2	FASLG	737
GZMB	FASLG	942
RIPK3	FASLG	760
TBX21	FASLG	789
TP53	FASLG	718
ATP1B2	ATP1B1	971
ATP12A	ATP1B1	957
ABCB6	ATP1B1	720
SLC9A1	ATP1B1	785
WFS1	ATP1B1	904
ESAM	ATP1B1	752
FXYD7	ATP1B1	897
MAPK3	ATP1B1	908
CCR7	XCL2	867
PITX1	TBX19	885
CD79A	FCRLA	823
BLK	FCRLA	855
ZAP70	FCGR3A	781
TNFRSF8	FCGR3A	990
HCST	FCGR3A	839
CD68	FCGR3A	774
CD27	FCGR3A	801
GZMB	FCGR3A	799
ERBB2	FCGR3A	839
CCR7	FCGR3A	851
CD38	FCGR3A	861
KLRB1	FCGR3A	831
CD4	FCGR3A	964
IL10RA	FCGR3A	712
CD81	FCGR3A	885
ITGAE	FCGR3A	710
TYROBP	FCGR3A	990
KLRK1	FCGR3A	954
MS4A2	FCGR3A	795
CCL2	FCGR3A	725
UQCRC1	SDHC	709
NDUFA2	SDHC	908
TMEM127	SDHC	905
NDUFS3	SDHC	920
ATP5F1D	SDHC	750
NDUFS7	SDHC	859
ECSIT	NDUFS2	998
MGLL	NDUFS2	966
NDUFA2	NDUFS2	999
NDUFS3	NDUFS2	999
ACO2	NDUFS2	955
NDUFB11	NDUFS2	999
BLVRB	NDUFS2	824
UQCRC1	NDUFS2	999
NDUFS7	NDUFS2	999
ATP5F1B	NDUFS2	970
ATP5F1D	NDUFS2	902
UBE2M	UFC1	867
PIH1D1	PFDN2	958
TUBA4A	PFDN2	758
PDRG1	PFDN2	999
TUBB4A	PFDN2	723
NECTIN2	NECTIN4	933
MYBPH	NECTIN4	993
NECTIN1	NECTIN4	986
NECTIN2	F11R	776
NECTIN1	F11R	707
KLRK1	CD244	754
LAG3	CD244	723
KLRK1	SLAMF7	761
CD38	SLAMF7	807
KLRK1	SLAMF6	838
LY9	SLAMF6	764
CELSR1	VANGL2	975
DVL2	VANGL2	994
CELSR2	VANGL2	755
MYL2	CASQ1	714
CASQ2	CASQ1	915
CD81	IGSF8	997
CD82	IGSF8	883
PFN1	TAGLN2	711
MS4A2	FCER1A	996
CLEC10A	FCER1A	706
CD82	ACKR1	973
CCL2	ACKR1	994
NECTIN1	ACKR1	994
GYPC	ACKR1	877
NECTIN2	ACKR1	986
CD68	CD1E	906
CD4	CD1E	793
CD68	CD1B	900
CD4	CD1B	853
CLEC10A	CD1C	750
CCR7	CD1C	729
CD4	CD1C	889
CD68	CD1C	888
ZAP70	FCRL3	830
ACP5	BGLAP	882
CYP27A1	BGLAP	795
GUCY2D	SEMA4A	726
MAP2K2	LMNA	713
GZMB	LMNA	940
TSC2	LAMTOR2	707
MAPK3	LAMTOR2	781
LAMTOR1	LAMTOR2	999
ATP6V1B2	LAMTOR2	886
TARDBP	UBQLN4	727
PSMD3	UBQLN4	996
EPHA1	EFNA1	999
NGFR	EFNA1	847
NGEF	EFNA1	798
ERBB2	EFNA1	754
NTRK2	EFNA1	916
NGEF	EFNA3	761
NGFR	EFNA3	849
ERBB2	EFNA3	711
EFNB1	EFNA3	747
NTRK2	EFNA3	864
EPHA1	EFNA3	999
BCL9	PYGO2	999
MVK	PMVK	994
ACADS	ECHS1	994
HSD17B10	ECHS1	996
PPP4C	CRTC2	918
TARDBP	CHTOP	721
DDX39A	CHTOP	911
S100A11	S100A16	738
TP53	S100A4	996
S100A11	S100A6	706
TP53	S100A6	842
POU2F3	SPRR2B	804
PI3	SPRR2B	778
TGM1	SPRR2B	751
PKP1	SPRR1A	723
TGM1	SPRR1A	743
TGM1	IVL	989
KRT14	IVL	702
PI3	IVL	834
PKP1	IVL	765
CNFN	IVL	834
CNFN	LCE3D	742
TGM1	LCE3D	713
CRNN	CRCT1	749
S100A11	S100A10	716
UNC13D	S100A10	802
GTPBP1	S100A10	733
TECR	THEM5	900
PHPT1	LHPP	703
ATP12A	LHPP	918
ATP5F1B	LHPP	718
ATP6V0A1	LHPP	746
TCIRG1	LHPP	701
ATP6V1C2	LHPP	738
GFER	BNIPL	810
CD74	CTSS	981
TYROBP	CTSS	776
CTSD	CTSS	900
IL10RA	CTSS	951
SDF2L1	BAG3	729
HSPB1	BAG3	980
STUB1	BAG3	999
HSPB6	BAG3	938
HSPB8	BAG3	999
TP53	PRDM1	870
TBX21	PRDM1	805
IRF1	PRDM1	742
NOTCH3	APH1A	860
PEX16	PEX11B	949
PEX11G	PEX11B	997
FIS1	PEX11B	954
MYL2	NRAP	726
GZMA	CD2	923
GZMH	CD2	834
CCR7	CD2	822
GZMB	CD2	874
CD79A	CD2	744
CD27	CD2	887
ZAP70	CD2	849
CD38	CD2	826
NKG7	CD2	847
IL2RB	CD2	824
KLRB1	CD2	918
TBX21	CD2	725
TNFRSF8	CD2	778
GZMK	CD2	889
LY9	CD2	806
CD4	CD2	996
TP53	UBL4A	717
GET4	UBL4A	999
SLC10A3	UBL4A	880
RPL8	UBL4A	725
RPS3	UBL4A	724
GSTM2	GSTO1	874
TCIRG1	ATP6AP1	991
ATP6V0A1	ATP6AP1	999
CCDC115	ATP6AP1	889
ATP6V1B2	ATP6AP1	995
ATP6V1C2	ATP6AP1	967
GSTM2	GSTM4	973
CSNK1A1	SUFU	847
TUSC2	SUFU	822
TRAF2	NFKB2	710
BCL3	NFKB2	999
RELB	NFKB2	999
MMP11	COL11A1	732
XRCC1	POLL	827
UNG	POLL	744
RPA1	POLL	721
MAD2L2	POLL	736
LIG1	POLL	863
LMO2	TLX1	820
LYL1	TLX1	829
TM7SF2	NSDHL	869
MVK	NSDHL	811
ERG28	NSDHL	912
SIGMAR1	NSDHL	764
GABARAPL2	GABRA3	741
IRF1	GBP2	819
TNFRSF1A	CD40LG	824
TRAF2	CD40LG	742
TNFRSF8	CD40LG	847
CD27	CD40LG	934
CD38	CD40LG	770
SELPLG	CD40LG	983
TNFRSF17	CD40LG	893
TNFRSF13B	CD40LG	938
CCR7	CD40LG	780
CCL22	CD40LG	740
CD4	CD40LG	983
CX3CL1	CD40LG	718
CCL2	CD40LG	714
SORT1	PSMA7	800
AKIRIN2	PSMA7	927
PSMD3	PSMA7	995
GSTM2	GSTA4	881
GSK3A	FRAT1	874
DVL2	FRAT1	921
RAMP2	GNAS	990
RAMP3	GNAS	979
SCT	GNAS	928
TP53	GNAS	810
GNA12	GNAS	881
VIPR2	GNAS	994
RAMP1	GNAS	980
LY9	SH2D1A	980
UNC13D	SH2D1A	778
GZMK	SH2D1A	737
GZMA	SH2D1A	791
RIPK3	ZBP1	996
TP53	JUN	997
PML	JUN	779
HMOX1	JUN	798
CCL2	JUN	980
IRF1	JUN	919
TRAF2	JUN	788
TGFB1	JUN	722
BCL3	JUN	758
JUND	JUN	999
KLF2	JUN	720
SPI1	JUN	993
KDM6B	JUN	821
ERBB2	JUN	759
FOSB	JUN	999
MAPK13	JUN	968
CSK	JUN	731
MYOD1	JUN	718
EGR1	JUN	990
MAZ	JUN	702
TNFRSF1A	JUN	729
MAPK3	JUN	987
DAXX	JUN	728
ERBB2	TACSTD2	732
ACTN4	PDLIM1	970
TP53	DHCR24	706
CYP11A1	DHCR24	877
MVK	DHCR24	741
CYP27A1	DHCR24	887
SULT2B1	DHCR24	823
TM7SF2	DHCR24	976
CD74	MRPL41	817
RPL8	MRPL41	796
RSAD1	MRPL41	823
PEBP1	MRPL41	785
RPL3L	MRPL41	782
ACO2	MRPL41	854
MRPS34	MRPL41	955
MRPL34	MRPL41	998
ACADS	CPT2	922
NUBP2	NDOR1	795
CYP4F3	NDOR1	875
CIAO3	NDOR1	729
KCNMB1	LRRC26	948
OLFM2	GRIN1	757
GRIN2D	GRIN1	999
NTRK2	GRIN1	708
P2RX1	GRIN1	915
UQCRC1	SLC25A5	714
PPIF	SLC25A5	961
ATP5F1B	SLC25A5	827
PLD2	TMEM189	900
DGKQ	AGPAT2	761
PLD2	AGPAT2	715
NDUFA2	PMPCA	907
CLPP	PMPCA	714
UQCRC1	PMPCA	951
NDUFS3	PMPCA	803
PYCARD	CARD9	774
MAPK3	CARD9	926
MAPK13	CARD9	913
MRPL34	MRPS2	976
RPS3	MRPS2	914
FANCE	MRPS2	772
HSPBP1	MRPS2	720
SEC61A1	MRPS2	788
ACO2	MRPS2	808
CD74	MRPS2	773
RPL3L	MRPS2	769
RSAD1	MRPS2	796
ERAL1	MRPS2	989
RPL8	MRPS2	812
MRPS34	MRPS2	998
TENM4	OLFM1	871
RTN4R	OLFM1	735
NDUFS3	SURF1	776
NDUFS7	SURF1	705
MRPL34	MRPL14	871
MRPS34	MRPL14	870
RALB	RALGDS	996
MGLL	AKR1A1	908
ALDH2	AKR1A1	944
SCN2B	KCNE5	720
RANGRF	KCNE5	720
KCNQ1	KCNE5	872
ZMYND10	RSPH9	739
SGCA	POMT1	779
SGCG	POMT1	728
NDUFA2	TMEM254	777
NDUFS3	TMEM254	870
GZMB	CD40	722
TNFRSF13B	CD40	845
SELPLG	CD40	882
BCL3	CD40	810
TNFRSF8	CD40	952
CCR7	CD40	801
RELB	CD40	934
CCL2	CD40	811
TNFRSF17	CD40	813
CD4	CD40	924
CD27	CD40	921
TRAF2	CD40	996
CD38	CD40	714
TNFRSF1A	CD40	919
DAXX	DMAP1	795
SRCAP	DMAP1	992
MLLT1	DMAP1	844
BRD4	DMAP1	862
INO80B	DMAP1	746
YIPF2	YIPF3	823
VPS51	TIE1	711
CTSD	CTSA	824
GALNS	CTSA	762
MFGE8	ERMAP	794
TECR	ERMAP	918
MYH1	TNNC2	815
TNNC1	TNNC2	930
CKM	TNNC2	767
MYL2	TNNC2	874
RAB35	TBC1D13	708
USP11	TCEAL2	758
PI3	WFDC12	832
UNC93B1	CNPY3	860
NOTCH3	HEYL	835
APOE	TREM2	997
SPI1	TREM2	735
TYROBP	TREM2	999
LGALS3	TREM2	821
LCP2	TREM2	760
CD68	TREM2	805
TGFB1	ENG	998
VWF	ENG	718
LGALS3	ENG	709
CD79A	ENG	733
GGH	FPGS	976
ATIC	FPGS	785
MLLT1	CDK9	999
TRIM28	CDK9	847
BIN3	CDK9	706
GTF2H4	CDK9	920
TP53	CDK9	889
ELL	CDK9	997
PAF1	CDK9	971
BRD4	CDK9	999
APBA1	STXBP1	995
VAMP8	STXBP1	796
NAPA	STXBP1	737
STX1B	STXBP1	999
GNA15	CYSLTR1	733
IRF8	MAFB	763
SPI1	MAFB	741
CYP26A1	UGT1A7	709
B3GAT2	UGT1A7	829
SRD5A1	UGT1A7	726
CYP26A1	UGT1A8	709
B3GAT2	UGT1A8	832
SRD5A1	UGT1A8	718
CDIPT	PIM1	914
SMAD7	HDAC1	825
KAT2A	HDAC1	974
FOSB	HDAC1	957
BRD4	HDAC1	954
SIRT2	HDAC1	859
SPI1	HDAC1	765
CDK2AP1	HDAC1	947
PML	HDAC1	903
IRF1	HDAC1	985
CBFA2T3	HDAC1	882
BCL3	HDAC1	909
TP53	HDAC1	999
MEF2D	HDAC1	724
SETD1A	HDAC1	805
RFX1	HDAC1	938
HDAC5	HDAC1	818
DAXX	HDAC1	922
HDAC7	HDAC1	886
HNRNPL	HDAC1	775
MYOD1	HDAC1	926
EGR1	HDAC1	859
BHLHE40	HDAC1	825
DNMT3L	HDAC1	989
TRIM28	HDAC1	968
NTRK2	SRC	786
MAP2K2	SRC	716
TP53	SRC	884
CCL2	SRC	733
ERBB2	SRC	999
PIK3R2	SRC	959
MAPK13	SRC	742
PLD2	SRC	844
TGFB1	SRC	787
TNFRSF1A	SRC	934
GNA12	SRC	797
EFNB1	SRC	806
NTN1	SRC	750
RALB	SRC	831
CCR7	SRC	774
MAPK3	SRC	944
ITGB7	SRC	926
CD4	SRC	728
LCP2	SRC	969
CSK	SRC	998
ITGAE	SRC	707
NCK2	SRC	735
PLEK	SRC	877
TYROBP	SRC	843
AIP	SRC	929
AMH	NR5A1	948
STAR	NR5A1	962
CYP11A1	NR5A1	913
PITX1	NR5A1	776
ASCL1	LHX2	749
CD4	CXCR3	864
CX3CL1	CXCR3	990
ACKR3	CXCR3	729
CD27	CXCR3	863
CCL13	CXCR3	903
GZMB	CXCR3	767
CCL22	CXCR3	941
CCL17	CXCR3	956
CCL2	CXCR3	998
CCL27	CXCR3	872
SELPLG	CXCR3	795
TBX21	CXCR3	831
CCR7	CXCR3	763
LAG3	CXCR3	803
IL2RB	CXCR3	716
PABPN1	SRSF4	918
SF3A2	SRSF4	746
SRSF9	SRSF4	854
APOE	GSN	828
PFN1	GSN	954
TMOD1	GSN	810
TYROBP	FGR	739
PIK3R2	FGR	704
LCP2	FGR	780
CD4	IL2RG	884
IL2RB	IL2RG	999
MAPK3	FOXO4	934
MAPK13	FOXO4	918
TP53	FOXO4	995
RPS3	EIF6	755
NOP53	EIF6	701
HSPBP1	EIF6	764
PPAN	EIF6	797
FBL	EIF6	811
FANCE	EIF6	783
RPL8	EIF6	995
RPL3L	EIF6	917
TP53	BAK1	997
TRAF2	BAK1	727
PPIF	BAK1	794
BCL2L2	BAK1	959
ACO2	HMGCL	861
ATP6V1B2	HMGCL	845
MVK	HMGCL	871
TP53	PHF1	802
TCF3	ID3	951
SERPING1	C1QC	959
TYROBP	C1QC	724
CD68	C1QA	746
TYROBP	C1QA	890
SERPING1	C1QA	973
TP53	RING1	819
CBX7	RING1	999
SRD5A1	HSD17B8	922
SRF	KLF4	771
TP53	KLF4	925
ZNF750	KLF4	855
GABARAPL2	TP53INP2	974
VAC14	MAP1LC3A	760
GABARAPL2	MAP1LC3A	829
HLA-F	HLA-DMA	970
CD4	HLA-DMA	960
CD74	HLA-DMA	994
HLA-DOA	HLA-DMA	989
CDIPT	MTMR8	904
HLA-F	PSMB9	723
PSMD3	PSMB9	974
IRF1	PSMB9	875
PSMD3	PSMB8	909
IRF1	PSMB8	725
HLA-DOA	HLA-DQA2	742
CD4	HLA-DQA2	961
CD74	HLA-DQA2	992
ZAP70	HLA-DQB1	720
CD4	HLA-DQB1	951
HLA-DOA	HLA-DQB1	872
HLA-F	HLA-DQB1	738
CD74	HLA-DQB1	997
HLA-DOA	HLA-DRB5	791
LCP2	HLA-DRB5	738
CD4	HLA-DRB5	945
CD74	HLA-DRB5	986
UNG	APEX2	769
NDUFS7	PINK1	709
NDUFS3	PINK1	784
MUL1	PINK1	752
FIS1	PINK1	931
GABARAPL2	PINK1	708
PLA2G7	PLA2G2F	720
PLA2G15	PLA2G2F	712
PLA2G3	PLA2G2F	846
PLA2G3	PLA2G2D	983
PLD2	PLA2G2D	704
PLA2G15	PLA2G2D	823
PLA2G7	PLA2G2D	811
NOB1	TSR2	858
GRWD1	TSR2	870
TSR3	TSR2	905
BYSL	TSR2	839
IMP4	TSR2	853
WFS1	ATF6B	934
ALDH2	ALDH4A1	850
MYOD1	PAX7	932
ATP5F1D	KDM5C	890
NOB1	NINJ1	968
MLF2	CROCC	705
ABTB1	VARS1	805
HSPB8	HSPB7	912
TYROBP	SYK	999
LCP2	SYK	999
CD79A	SYK	996
VWF	SYK	712
MS4A2	SYK	957
KLRK1	SYK	850
ZAP70	SYK	977
CD4	SYK	981
PIK3R2	SYK	964
BLNK	SYK	999
HCST	SYK	945
PYCARD	SYK	826
KLC4	PLEKHM2	777
PLEK	HCK	746
TYROBP	HCK	851
LCP2	HCK	802
SPI1	HCK	727
PIK3R2	HCK	751
DVL2	CSNK2B	940
CDC34	CSNK2B	760
TP53	CSNK2B	843
PLA2G7	APOM	792
APOE	APOM	941
GET4	BAG6	999
SYP	AIF1	706
TYROBP	AIF1	943
CD68	AIF1	871
ATP5F1B	COX4I2	866
ATP5F1D	COX4I2	881
TRIR	COX4I2	816
UQCRC1	COX4I2	968
NDUFS3	COX4I2	834
NDUFS7	COX4I2	788
NDUFB11	COX4I2	815
TYROBP	LST1	792
ZAP70	FOXP3	720
CCR7	FOXP3	802
LAG3	FOXP3	807
HDAC7	FOXP3	953
CCL22	FOXP3	872
CCL17	FOXP3	753
TBX21	FOXP3	934
GZMB	FOXP3	823
CD68	FOXP3	850
CD4	FOXP3	979
TGFB1	FOXP3	865
ITGAE	FOXP3	865
CD27	FOXP3	746
COMMD4	CCDC22	981
COMMD7	CCDC22	948
SNX17	CCDC22	740
CD4	HLA-C	857
TYROBP	HLA-C	874
HLA-DOA	HLA-C	959
CD74	HLA-C	815
HLA-F	HLA-C	990
FERMT3	APBB1IP	955
LCP2	APBB1IP	701
PFN1	APBB1IP	994
DAB2IP	TNFRSF1B	901
TRAF2	TNFRSF1B	994
TNFRSF1A	TNFRSF1B	999
IL10RA	TNFRSF1B	726
GRN	TNFRSF1B	783
TNFRSF8	TNFRSF1B	758
IL1RN	TNFRSF1B	813
DAXX	TNFRSF1B	903
CACNG1	CACNA1F	932
KCNMB1	CACNA1F	712
TGM1	CDSN	800
PSORS1C2	CDSN	739
LRFN3	FLOT1	767
SLC6A3	FLOT1	940
CD81	FLOT1	907
TCF7L1	TLE1	767
HES6	TLE1	929
BCL9	TLE1	925
TLE5	TLE1	919
MGLL	ABHD12	839
TCN2	MTHFR	769
APOE	MTHFR	843
ATIC	MTHFR	787
IMP4	GNL1	728
NOB1	GNL1	706
BYSL	GNL1	736
KLRK1	HLA-E	997
NECTIN2	HLA-E	748
TYROBP	HLA-E	881
HLA-DOA	HLA-E	953
CD74	HLA-E	764
KLRB1	HLA-E	889
CD4	HLA-E	785
HLA-F	HLA-E	997
PFN1	WAS	991
ARPC1A	WAS	966
ABI3	WAS	784
ZAP70	WAS	847
CORO1A	WAS	794
NCK2	WAS	882
LCP2	WAS	979
ACTR3B	WAS	978
PRCC	TBC1D25	716
GABARAPL2	TBC1D25	982
RAB33A	TBC1D25	838
HLA-DOA	HLA-G	748
KLRK1	HLA-G	733
HLA-F	HLA-G	978
RABAC1	YIF1A	776
S100A11	ANXA1	998
LGALS3	ANXA1	736
TP53	ANXA1	762
DHPS	SRM	728
ODC1	SRM	999
PAOX	SRM	820
MAPK13	ELK1	908
SRF	ELK1	985
MAPK3	ELK1	988
HLA-F	UBD	767
UBE2R2	UBD	852
TP53	UBD	786
KDM4B	KDM2B	779
CBX7	KDM2B	841
KDM6B	KDM2B	700
PROC	THBD	992
VWF	THBD	912
ASCL1	NKX2-2	872
SEC61A1	SYVN1	900
NOB1	SYVN1	761
GSK3A	CTNNBIP1	726
CSNK1A1	CTNNBIP1	782
GABARAPL2	ATG2A	708
KLC4	CLSTN1	923
HMOX1	FTL	777
VPS37B	VPS28	999
CHMP4B	VPS28	943
SNRPA	SF1	741
ROM1	SF1	767
SF3A1	SF1	996
PYGM	SF1	826
SF3B4	SF1	857
SF3A2	SF1	996
KHK	SLC2A5	796
BPIFA2	CA6	786
CHST8	CA6	876
TP53	KLF5	762
TNFRSF1A	TNFRSF25	728
TNFSF10	TNFRSF25	960
PNMT	MAOB	958
ALDH2	MAOB	975
DRD4	MAOB	785
SLC6A3	MAOB	882
ARHGEF19	ARHGEF35	770
NOB1	LRRC47	847
RPS3	LRRC47	918
PPP1R13B	TP73	728
TP53	TP73	985
SF3A1	C19ORF54	721
RTN2	REEP2	759
CA12	CA9	739
EGLN3	CA9	764
GALNS	APRT	898
ATIC	APRT	982
NT5C1A	APRT	929
AK1	APRT	966
NCK2	PAK5	918
ASCL1	HES5	726
NOTCH3	HES5	930
LFNG	HES5	770
SMAD7	SKI	715
RPL3L	RPS16	979
EEFSEC	RPS16	959
RSAD1	RPS16	979
CLPP	RPS16	894
RPS3	RPS16	999
FBL	RPS16	990
CSNK1A1	RPS16	804
PEBP1	RPS16	818
BYSL	RPS16	997
HSPBP1	RPS16	779
EIF1B	RPS16	903
MRPL34	RPS16	812
SEC61A1	RPS16	979
RPL8	RPS16	999
EDF1	RPS16	944
EIF3K	RPS16	984
NOB1	RPS16	983
FANCE	RPS16	976
CD74	RPS16	981
IMP4	RPS16	982
HBA2	RPS16	906
PIK3R2	PRKCZ	914
PPP2CB	PRKCZ	911
TP53	PRKCZ	933
PARD6A	PRKCZ	999
MAP2K5	PRKCZ	761
MAPK3	PRKCZ	926
PGAP2	PIGO	863
PIGT	PIGO	984
PIGQ	PIGO	814
LGALS3BP	LGALS7	905
SMAD7	BMP2	809
TGFB1	BMP2	701
GALK1	GALT	999
GALM	GALT	937
ACTN4	WT1	785
AMH	WT1	828
TP53	WT1	983
SCN2B	SCNN1D	779
TRPM4	SCNN1D	734
UNG	PCNA	829
GADD45G	PCNA	960
LIG1	PCNA	999
MAD2L2	PCNA	715
XRCC1	PCNA	856
UBE2B	PCNA	863
TP53	PCNA	913
RPA1	PCNA	982
B4GALT7	B3GALT6	988
B3GAT3	B3GALT6	981
LAG3	TNFRSF4	797
CD27	TNFRSF4	934
TRAF2	TNFRSF4	777
CCR7	TNFRSF4	770
CD4	TNFRSF4	872
TNFRSF1A	TNFRSF4	802
TNFRSF8	TNFRSF4	941
TP53	RGCC	794
LGALS3	AGRN	720
APOE	AGRN	732
BST2	AGRN	889
GPC1	AGRN	802
GNA15	ADRA1D	710
SNTA1	ADRA1D	749
GNA12	ADRA1D	960
RTN2	REEP5	835
RABAC1	REEP5	782
REEP6	REEP5	735
NAGLU	HGSNAT	998
B4GALNT3	B4GALT1	921
B3GAT2	B4GALT1	924
CD180	LY86	999
TYROBP	LY86	796
CD4	IL2RA	936
TBX21	IL2RA	841
IL2RB	IL2RA	999
IL10RA	IL2RA	705
TNFRSF1A	IL2RA	763
CCR7	IL2RA	777
CD27	IL2RA	738
IL12B	IL2RA	828
KRT6C	KRT6A	710
KRT14	KRT6A	732
KRT6B	KRT6A	886
KRT5	KRT6A	915
KRT31	KRT6A	732
KRT13	KRT6A	900
EXOC3L2	EXOC3L4	700
NME3	ITPA	952
GUCY2D	ITPA	901
NT5C1A	ITPA	925
ATIC	ITPA	974
CYP4F3	ALOX15B	920
MRPL34	MRPS26	869
ERAL1	MRPS26	987
MRPS34	MRPS26	998
CNN1	CALML5	947
PYGM	CALML5	867
PLCB2	CALML5	704
PFN1	CALML5	748
CNGB1	CALML5	961
GRIN2D	CALML5	739
SLC9A1	CALML5	936
KCNQ1	CALML5	988
TP53	CALML5	700
CAMK1	CALML5	956
TP53	TUBB2A	709
TUBB4A	TUBB2A	785
RAB7A	TUBB2A	710
TUBA4A	TUBB2A	995
CTF1	PIR	910
BCL3	PIR	983
YKT6	VPS16	974
VAMP8	VPS16	982
TSC2	RRAGA	934
ATP6V1B2	RRAGA	734
LAMTOR1	RRAGA	999
SULT2B1	AKR1C3	935
SPR	AKR1C3	920
SRD5A1	AKR1C3	986
RNF167	SLC22A18	873
KCNQ1	SLC22A18	869
AK1	PDE4A	704
SRD5A1	AKR1C2	977
SRD5A1	AKR1C1	975
EIF3K	EIF3CL	996
MICALL1	EIF3CL	837
RPS3	EIF3CL	896
EIF1B	EIF3CL	899
EEFSEC	SELENOO	741
NME3	DUT	936
MYOM2	DUT	766
NT5C1A	DUT	901
UNG	DUT	808
PRKX	VCX3A	776
TLNRD1	CCM2	739
APOE	SDC1	932
CD68	SDC1	716
SETD1A	SDC1	882
CCL17	SDC1	703
CD4	SDC1	727
CD79A	SDC1	846
ERBB2	SDC1	811
CD27	SDC1	726
CD38	SDC1	882
GPC1	SDC1	996
PPIF	SLC25A6	965
ATP5F1B	SLC25A6	815
CRNN	TGM3	736
RAB35	DENND1C	978
NOP53	NPSR1	725
CD74	NPSR1	852
SEC61A1	NPSR1	832
RPL3L	NPSR1	857
RPL8	NPSR1	949
RSAD1	NPSR1	851
RPS3	NPSR1	959
FANCE	NPSR1	837
GSTM2	GGT6	712
CKM	TNNT3	767
MYL2	TNNT3	879
MYH1	TNNT3	889
TNNC1	TNNT3	984
TYROBP	SIRPB1	999
SORT1	GGA1	954
ARF3	GGA1	898
CAMK1	CAMKK1	713
ARHGDIG	RHOH	823
CSK	RHOH	738
ZAP70	RHOH	895
UNC93B1	SDCBP2	718
CD81	SDCBP2	780
UQCRC1	IFNGR2	770
APOE	VLDLR	998
DRD4	GNG7	701
ADRA2A	GNG7	708
GNA12	GNG7	725
GNA15	GNG7	761
PLCB2	GNG7	715
RAB35	FSCN1	865
ACTN4	FSCN1	777
MAPK3	JMJD7-PLA2G4B	900
PLD2	JMJD7-PLA2G4B	727
PLA2G15	JMJD7-PLA2G4B	709
CD81	CD9	997
TSPAN9	CD9	761
MFGE8	CD9	703
CD82	CD9	983
CD4	CD9	829
LGALS3BP	CD9	736
PPP1R1A	PPP2R2C	906
PPP4C	PPP2R2C	749
PPP2R5B	PPP2R2C	828
PPP2CB	PPP2R2C	977
PSMD3	PSME1	754
IRF1	PSME1	707
BST1	SIRT3	934
ACADS	SIRT3	728
CD38	SIRT3	939
TP53	SIRT3	750
TCIRG1	CLCN7	970
ATP12A	CLCN7	827
USE1	BET1L	728
NAPA	BET1L	710
YKT6	BET1L	998
VAMP8	BET1L	710
WFS1	GJB2	745
SEC61A1	MRPL2	872
FANCE	MRPL2	840
MRPS34	MRPL2	914
HSPBP1	MRPL2	792
ACO2	MRPL2	813
RPL3L	MRPL2	838
MRPL34	MRPL2	991
RSAD1	MRPL2	840
ATP5F1D	MRPL2	775
EDF1	MRPL2	719
ECSIT	MRPL2	762
CD74	MRPL2	836
RPS3	MRPL2	974
HMOX1	GPX3	844
APOE	GPX3	715
ACO2	GPX3	735
GSTM2	GPX3	822
CSNK1A1	FAM83H	898
SMAD7	ACVRL1	705
TGFB1	ACVRL1	958
CSNK1A1	FAM83G	881
LAMTOR1	BORCS6	707
NT5C1A	NT5M	963
ATIC	NT5M	910
DUOXA1	DUOX2	981
WFS1	DIAPH1	730
GFER	DIAPH1	747
PFN1	DIAPH1	970
FIS1	DNM2	863
SH3GL1	DNM2	749
PLEK	DNM2	801
TRAPPC6A	TRAPPC9	995
GSTM2	GPX2	814
ACO2	GPX2	759
TP53	GPX2	802
HMOX1	GPX2	850
DVL2	CCDC88C	814
PAF1	CCNK	729
BRD4	CCNK	720
SETD1A	CCNK	707
TP53	CCNK	806
LHX5	CCNK	840
PPP2R5B	PPP2R3B	829
PPP1R1A	PPP2R3B	900
PPP2CB	PPP2R3B	947
PPP4C	PPP2R3B	704
RTL8C	RTL8A	708
APOE	LILRB4	859
HLA-F	LILRB4	795
EXOSC5	RPS9	717
EDF1	RPS9	981
MRPL34	RPS9	852
ACO2	RPS9	836
EIF3K	RPS9	957
SEC61A1	RPS9	977
CD74	RPS9	982
RSAD1	RPS9	976
EIF1B	RPS9	883
BYSL	RPS9	998
RPS3	RPS9	999
EEFSEC	RPS9	959
NOB1	RPS9	983
DDX49	RPS9	860
EXOSC7	RPS9	728
RPL3L	RPS9	989
HSPBP1	RPS9	829
APMAP	RPS9	756
HBA2	RPS9	914
RPL8	RPS9	999
FANCE	RPS9	980
CSNK1A1	RPS9	803
IMP4	RPS9	992
ATP5F1D	RPS9	739
NOP53	RPS9	713
FBL	RPS9	990
PLLP	MYADM	915
TELO2	AKT1S1	755
TSC2	AKT1S1	853
GSK3A	AKT1S1	727
PPP2CB	STRN4	996
GTF2H4	ERCC2	999
TP53	ERCC2	804
LIG1	ERCC2	908
XRCC1	ERCC2	985
MED15	ERCC2	817
MED10	ERCC2	925
KLC4	KLC3	975
RNPEPL1	CAPN10	893
HNRNPH3	HNRNPUL1	789
SF3A2	HNRNPUL1	717
SRSF9	HNRNPUL1	818
PLEK	AKT2	755
TSC2	AKT2	969
PPP2CB	AKT2	710
PPP2R5B	AKT2	735
GSK3A	AKT2	937
MAPK13	AKT2	928
TP53	AKT2	973
PIK3R2	AKT2	963
MAPK3	AKT2	962
SYMPK	PNLDC1	779
FA2H	C19ORF12	853
PLCB2	INPP1	904
IMPA2	INPP1	972
DCTN3	DYNLL1	862
PARD6A	LLGL2	950
YKT6	LLGL2	737
LCP2	GRB2	999
ERBB2	GRB2	999
MAPK3	GRB2	868
BLNK	GRB2	999
TP53	GRB2	766
SYP	GRB2	835
HCST	GRB2	995
DOK2	GRB2	724
TYROBP	GRB2	709
ZAP70	GRB2	992
ATIC	GRB2	718
CSK	GRB2	791
NGFR	GRB2	762
PLEK	GRB2	733
CD79A	GRB2	737
TNFRSF1A	GRB2	855
PTPN23	GRB2	820
PLD2	GRB2	795
PIK3R2	GRB2	789
NTRK2	GRB2	969
NUDT22	NUDT14	787
ACTN4	INF2	932
POU2F3	SPRR2A	808
PI3	SPRR2A	754
RPA1	RAD9B	755
CD81	CD79B	702
BLNK	CD79B	961
CD79A	CD79B	999
ZAP70	CD79B	798
BLK	CD79B	921
SEMA6A	EVL	892
PFN1	EVL	871
TAX1BP3	GIPC1	934
ADRA2A	DBH	711
SLC6A3	DBH	815
PNMT	DBH	991
DRD4	DBH	784
BLK	POU2AF1	741
TNFRSF17	POU2AF1	871
CD79A	POU2AF1	913
TP53	PRIMA1	798
AK1	NME1-NME2	773
NME3	NME1-NME2	964
IL36B	IL1F10	868
CD74	LGMN	932
TP53	BCL2L11	867
NGFR	BCL2L11	722
MAPK3	BCL2L11	970
BCL2L2	BCL2L11	999
ATP6V1B2	ATP5MC1	901
TCIRG1	ATP5MC1	845
ATP6V0A1	ATP5MC1	896
NDUFS7	ATP5MC1	802
ATP5F1D	ATP5MC1	999
KDM6B	ATP5MC1	701
ATP5F1B	ATP5MC1	995
NDUFS3	ATP5MC1	855
RPS3	ATP5MC1	718
CSNK1A1	PTPA	703
PPP4C	PTPA	974
PPP2R5B	PTPA	772
PPP2CB	PTPA	917
PGLS	G6PD	993
TP53	G6PD	986
HSPB1	G6PD	818
PGD	G6PD	999
GCK	G6PD	967
IRF1	IRF2	982
IRF2BPL	IRF2	927
SPI1	IRF2	834
TP53	KEAP1	810
HMOX1	KEAP1	934
NPL	RENBP	941
BCAM	PDZD4	749
NDUFA2	NDUFA4L2	741
NDUFS3	NDUFA4L2	726
PKP1	JUP	946
ERBB2	JUP	717
TCF7L1	JUP	958
BRD4	SIPA1	753
ACTN4	SYNPO	981
RPL3L	HDDC3	769
RPS3	HDDC3	943
NME3	HDDC3	951
CD74	HDDC3	769
RSAD1	HDDC3	809
RPL8	HDDC3	786
ILVBL	HDDC3	846
WNT6	GPC3	919
WNT9A	GPC3	916
WNT2	GPC3	927
WNT10A	GPC3	911
GPC1	GPC3	761
CD81	GPC3	887
PPP4C	PPP2R2B	929
PPP1R1A	PPP2R2B	903
PPP2CB	PPP2R2B	997
PPP2R5B	PPP2R2B	884
BCL2L2	BAD	933
MAPK3	BAD	932
NUDT22	TRPT1	862
CYP4F22	PNPLA1	887
TGM1	PNPLA1	772
NCK2	GIT1	919
EFNB1	GIT1	800
KHK	TKFC	744
CCL2	CCL26	998
CCL13	CCL26	995
CCL17	CCL26	997
CX3CL1	CCL26	730
CCL22	CCL26	776
CCL27	CCL26	753
CCR7	CCL26	733
LRFN3	FLOT2	706
CD81	FLOT2	764
SLC6A3	FLOT2	903
CTSD	PSAP	799
SORT1	PSAP	806
ARSA	PSAP	913
GRN	PSAP	856
BCKDHA	BCKDK	936
CEACAM5	GPT	728
CD4	GPT	720
LAG3	VSIR	716
PLEK	RGS19	718
NTRK2	MATK	900
ERBB2	MATK	898
MAD2L2	FZR1	968
ESAM	CLDN3	724
NDUFB11	DNAJC30	741
LFNG	TBX6	745
NUP210	POM121	719
GCK	ALDOC	859
KHK	ALDOC	944
PFKL	ALDOC	979
CD74	HLA-DRA	999
IRF8	HLA-DRA	716
CD4	HLA-DRA	997
LAG3	HLA-DRA	856
HLA-F	HLA-DRA	945
LCP2	HLA-DRA	742
HLA-DOA	HLA-DRA	970
BLNK	LAT	844
LCP2	LAT	999
CD4	LAT	737
ZAP70	LAT	999
CD4	LGALS9	728
LAG3	LGALS9	993
LGALS3	LGALS9	819
PLD2	AGPAT1	748
DGKQ	AGPAT1	718
PMM1	TYMP	789
NT5C1A	TYMP	907
ERAL1	TYMP	755
KMT5C	EHMT2	725
KDM6B	EHMT2	711
TP53	EHMT2	919
LIG1	EHMT2	824
TRIM28	EHMT2	830
BRD4	EHMT2	777
RELB	EHMT2	800
DNMT3L	EHMT2	768
CACNG1	CAMK2B	739
SLC6A3	CAMK2B	907
PLCB2	CAMK2B	915
RIPK3	CAMK2B	902
SMAD7	BMP7	735
EIF1B	RPS29	804
HBA2	RPS29	913
CD74	RPS29	980
EIF3K	RPS29	939
NOB1	RPS29	970
RPL8	RPS29	999
EEFSEC	RPS29	948
HSPBP1	RPS29	777
MRPL34	RPS29	820
EDF1	RPS29	927
RPL3L	RPS29	967
BYSL	RPS29	791
SEC61A1	RPS29	970
FANCE	RPS29	970
RPS3	RPS29	999
CYP11A1	TSPO	786
STAR	TSPO	993
PPIF	TSPO	807
HLA-F	HLA-A	996
MYO1G	HLA-A	759
CD74	HLA-A	807
ERBB2	HLA-A	724
TAPBPL	HLA-A	799
TP53	HLA-A	770
CD4	HLA-A	864
HLA-DOA	HLA-A	960
GYPC	HLA-A	924
ALDH2	GATM	925
SLC6A8	GATM	933
NOP53	BICRA	778
BRD4	BICRA	927
MEF2D	ZNF384	779
HLA-F	IRF9	709
BST2	IRF9	815
IRF1	IRF9	894
SLC47A1	SLC29A4	731
EMC7	EMC6	999
MAPK13	NCF4	729
CORO1A	NCF4	724
ARF3	NCF4	708
MAPK3	NCF4	938
CKM	MYH2	861
MYOD1	MYH2	714
MYL2	MYH2	926
MYH1	MYH2	990
IL2RB	IL15RA	999
KLRK1	IL15RA	810
PLA2G15	PLA2G4F	768
PLA2G7	PLA2G4F	706
MAPK3	PLA2G4F	905
ACO2	MRPL23	863
PEBP1	MRPL23	780
MRPS34	MRPL23	946
MRPL34	MRPL23	993
MAPK3	DUSP8	793
MAPK13	DUSP8	859
SLURP1	LYPD1	795
CD4	PTK2B	736
GNA12	PTK2B	952
DCTN3	BICDL1	831
RAB11FIP3	BICDL1	732
TICAM1	IRF7	981
BST2	IRF7	761
PPP1R13B	RASSF7	919
FAM160A2	HOOK2	981
CHMP4B	CHMP7	968
VPS37B	CHMP7	941
ERG28	LSS	977
MVK	LSS	817
TM7SF2	LSS	779
CORO1A	ITGB2	784
ITGAE	ITGB2	762
FERMT3	ITGB2	960
CD4	ITGB2	834
TYROBP	ITGB2	972
CCR7	ITGB2	731
CCL2	ITGB2	786
PIK3R2	ITGB2	909
SELPLG	ITGB2	963
CD74	ITGB2	721
ICAM3	ITGB2	999
PLEK	ITGB2	761
SPI1	ITGB2	931
ICAM5	ITGB2	880
ITGB7	ITGB2	954
CHMP4B	CHMP1A	922
VPS37B	CHMP1A	862
PFKL	CFAP410	784
MAPK13	MAP2K7	924
MAP3K10	MAP2K7	949
TRAF2	MAP2K7	924
TAB1	MAP2K7	943
EFNB1	EPHB1	999
NGEF	EPHB1	936
NCK2	EPHB1	814
EPHA1	EPHB1	714
PIK3R2	PIP4P1	900
CTDSP1	CTDSP2	711
CYP26A1	RDH16	945
HMOX1	HM13	791
BYSL	WDR4	700
GRWD1	WDR4	712
PLD2	PLPP4	926
GSTM2	GGT5	722
APOE	CST3	850
SERPING1	CST3	737
PPP2CB	PPME1	966
LCP2	LAT2	877
DVL2	CSNK1D	875
NOB1	CSNK1D	904
BYSL	CSNK1D	955
TP53	CSNK1D	826
RPS3	CSNK1D	860
TRAF2	GSTP1	945
GSTM2	GSTP1	769
SETD1A	DOT1L	911
MLLT1	DOT1L	995
BRD4	DOT1L	873
ELL	DOT1L	774
TRIP6	SHARPIN	702
TRAF2	SHARPIN	937
TAB1	SHARPIN	846
TNFRSF1A	SHARPIN	998
GZMB	PARP3	903
MAPK3	KSR1	890
MAP2K2	KSR1	977
PPP4C	LCMT1	870
PPP2CB	LCMT1	709
TMEM147	NOMO3	783
NCLN	NOMO3	892
TP53	RABGGTA	756
RAB3D	RABGGTA	702
TGM1	RABGGTA	730
NT5C1A	ADA2	900
TP53	RUNX3	936
TBX21	RUNX3	991
TGFB1	RUNX3	859
TGFB1	FKBP1A	873
CACNG1	FKBP1A	723
TSC2	FKBP1A	750
MYH1	MYL5	819
BCKDHA	TXNRD2	771
TXN2	TXNRD2	972
SCT	GCGR	756
FANCE	FAAP20	999
ODC1	OAZ3	993
NCK2	KIAA1522	727
SDF2L1	CRELD2	937
KAT2A	NCOR2	828
HDAC7	NCOR2	930
HDAC10	NCOR2	965
PML	NCOR2	842
NR1D1	NCOR2	939
HDAC5	NCOR2	944
IL10RA	CSF2RB	717
MCHR1	POMC	847
CYP11A1	POMC	835
VIPR2	POMC	932
GRP	POMC	814
NMU	POMC	790
STAR	POMC	770
SCT	POMC	702
NTS	POMC	725
RPL8	GAGE12D	780
RPS3	GAGE12D	783
GABARAPL2	ATG4B	999
ROM1	CNGA1	783
GUCA1A	CNGA1	758
CNGB1	CNGA1	999
NOTCH3	RELA	917
BCL3	RELA	951
TRAF2	RELA	732
BRD4	RELA	999
KLF2	RELA	934
TNFRSF1A	RELA	826
TP53	RELA	955
KAT2A	RELA	847
PPP4C	RELA	700
PPP2CB	RELA	935
TAB1	RELA	730
RPS3	RELA	967
DAXX	RELA	822
RELB	RELA	999
CCL2	RELA	987
EGR1	RELA	733
UNG	APOBEC3A	718
TFAP2C	KCTD1	936
LPCAT3	PNPLA7	907
PLA2G3	PNPLA7	714
PLA2G15	PNPLA7	929
BYSL	DQX1	774
PRPF19	DQX1	793
DGCR2	ZDHHC8	769
RTN4R	ZDHHC8	758
TELO2	PRR5	957
TP53	CDKN1A	999
GADD45G	CDKN1A	729
CDKN2C	CDKN1A	902
TFAP4	CDKN1A	919
EGR1	CDKN1A	701
ATP5F1B	ESRRA	833
STUB1	ESRRA	709
GYPC	IFI30	731
HSPBP1	MRPS12	844
SEC61A1	MRPS12	888
ERAL1	MRPS12	973
RPL8	MRPS12	908
ACO2	MRPS12	863
RPL3L	MRPS12	888
FANCE	MRPS12	889
RPS3	MRPS12	985
PEBP1	MRPS12	780
IMP4	MRPS12	922
BYSL	MRPS12	784
EIF3K	MRPS12	806
RSAD1	MRPS12	888
CD74	MRPS12	888
MRPS34	MRPS12	994
MRPL34	MRPS12	992
FBL	MRPS12	769
SLC9A3R1	TBC1D10A	955
RAB35	TBC1D10A	992
ESAM	CLDN5	970
VWF	CLDN5	920
SPI1	CD14	935
TYROBP	CD14	817
TP53	OBSL1	734
PPP2CB	INTS1	994
SYMPK	INTS1	794
ROM1	MARK2	763
PYGM	MARK2	779
BLVRB	BLVRA	993
HMOX1	BLVRA	995
MYL2	MYH6	993
MYOD1	MYH6	822
TNNC1	MYH6	752
MYH1	MYH6	915
GNA12	ADRA2C	912
SLC6A3	ADRA2C	797
ADRA2A	ADRA2C	781
CCDC9	PYM1	900
AK1	ALAD	708
ITGAE	CD207	746
CD4	CD207	767
MARK4	MZT2B	900
RAB35	TBC1D10B	941
CCL17	CD8A	742
NKG7	CD8A	904
CD4	CD8A	999
TBX21	CD8A	944
TNFRSF8	CD8A	728
KLF2	CD8A	732
CD27	CD8A	937
CD38	CD8A	884
ERBB2	CD8A	720
CD82	CD8A	913
GZMB	CD8A	963
CCL22	CD8A	768
GZMA	CD8A	964
GZMH	CD8A	895
HLA-F	CD8A	948
CRTAM	CD8A	755
IL2RB	CD8A	922
TNFRSF1A	CD8A	766
CD68	CD8A	893
KLRB1	CD8A	891
TP53	CD8A	770
TGFB1	CD8A	796
CX3CL1	CD8A	704
CD81	CD8A	962
ZAP70	CD8A	992
GZMK	CD8A	915
HCST	CD8A	731
KLRK1	CD8A	946
IL10RA	CD8A	772
CCR7	CD8A	941
LAG3	CD8A	947
CCL2	CD8A	800
ITGAE	CD8A	908
GABARAPL2	ATG9A	814
GNA12	CXCR4	972
CCL2	CXCR4	998
CCR7	CXCR4	959
CCL13	CXCR4	771
GNA15	CXCR4	737
CCL22	CXCR4	973
TGFB1	CXCR4	794
ACKR3	CXCR4	996
CD27	CXCR4	747
CD38	CXCR4	786
ERBB2	CXCR4	729
CD4	CXCR4	999
MIF	CXCR4	991
CCL17	CXCR4	912
CCL27	CXCR4	861
CX3CL1	CXCR4	995
CD74	CXCR4	994
LPCAT3	PLD3	914
DGKQ	PLD3	707
PLA2G3	PLD3	724
PLD2	PLD3	965
TRAPPC6A	RAB1A	921
RAB7A	RAB1A	879
YKT6	RAB1A	808
RABAC1	RAB1A	768
GORASP2	RAB1A	868
TGFB1	ACAN	725
NUBP2	CIAO2B	717
CIAO3	CIAO2B	994
ARPC1A	ARPC4	999
ACTR3B	ARPC4	977
BCKDHA	OGDH	879
ATP5F1B	OGDH	709
ACO2	OGDH	957
CYP26A1	RARG	732
PLAAT4	RARG	719
EGR1	RRAD	803
GZMH	ZNF683	866
VAMP8	AP1M1	733
ALDH2	CARNS1	906
PLEK	CYTH1	920
ARF5	CYTH1	765
CYTIP	CYTH1	988
ARF3	CYTH1	722
CYP26A1	DHRS9	943
FREM2	NPNT	872
MAPK3	NFATC1	947
SRF	NFATC1	923
MEF2D	NFATC1	933
IRF8	NFATC1	789
SPI1	NFATC1	847
ACP5	NFATC1	954
ACTR3B	ARPC1B	964
ARPC1A	ARPC1B	985
CCL2	ADIPOQ	776
LIPE	ADIPOQ	860
RETN	ADIPOQ	967
APOE	ADIPOQ	795
NDUFS3	CTU1	731
SETD1A	CXXC1	999
SRCAP	INO80C	795
INO80B	INO80C	997
CD79A	PTPN6	811
PIK3R2	PTPN6	912
CD4	PTPN6	704
MAPK3	PTPN6	938
ZAP70	PTPN6	972
CSK	PTPN6	743
LCP2	PTPN6	978
PGLS	AMDHD2	815
CSK	BCAR1	809
TRIP6	BCAR1	905
ERBB2	BCAR1	845
TGFB1	IGF2	781
ERBB2	IGF2	819
IGFBP2	IGF2	999
NTRK2	IGF2	732
IGFBP4	IGF2	993
NGFR	IGF2	848
MYOD1	IGF2	715
TP53	IGF2	745
KCNQ1	IGF2	822
FIS1	BCAP31	996
RMDN3	BCAP31	835
SEC61A1	BCAP31	758
XRCC1	CHFR	770
PLD2	PLPP5	926
NDUFS3	HTATIP2	871
NDUFA2	HTATIP2	779
GNA12	LPAR5	980
CD74	HLA-DPA1	993
LCP2	HLA-DPA1	764
LAG3	HLA-DPA1	712
HLA-DOA	HLA-DPA1	976
CD4	HLA-DPA1	977
HLA-F	HLA-DPA1	949
NAPA	BLOC1S3	810
HDAC5	PRKD2	801
RPL8	COMMD5	743
COMMD7	COMMD5	938
COMMD4	COMMD5	969
PRRG2	PRR12	704
CD4	CXCR6	718
GZMK	CXCR6	776
CX3CL1	CXCR6	939
CCL17	CXCR6	828
CCR7	CXCR6	863
CCL27	CXCR6	820
GZMA	CXCR6	856
CCL13	CXCR6	761
KLRB1	CXCR6	729
CCL22	CXCR6	840
IL2RB	CXCR6	715
CCL2	CXCR6	885
SCN2B	SCN4A	923
TRPM4	SCN4A	766
CACNG1	SCN4A	820
HLA-DOA	HLA-DQB2	781
CD74	HLA-DQB2	966
GABARAPL2	TEX264	717
MYOM2	C4A	703
SERPING1	C4A	879
CFP	C4A	734
FCN3	C4A	767
SCN2B	SCN1B	999
TRPM4	SCN1B	880
RANGRF	SCN1B	726
CDC34	ATF5	821
EIF2AK1	ATF5	738
SIRT2	BAHD1	904
HDAC5	BAHD1	704
PYGM	PRKAG3	708
MLYCD	PRKAG3	908
LIPE	PRKAG3	919
ATIC	PRKAG3	824
TSC2	PRKAG3	927
PKP1	PERP	788
TP53	PERP	928
KAT2A	ATXN7L3	994
USE1	C19ORF25	702
PDLIM4	DUSP22	734
DDX39A	POLDIP3	924
TBX21	PRF1	872
CD4	PRF1	940
KLRK1	PRF1	932
GZMB	PRF1	999
CCR7	PRF1	762
TNFSF10	PRF1	776
KLRB1	PRF1	769
IL2RB	PRF1	913
GZMH	PRF1	935
GZMA	PRF1	998
CD27	PRF1	767
GZMK	PRF1	893
LAG3	PRF1	816
NKG7	PRF1	933
UNC13D	PRF1	905
GNA12	GNG4	743
GNA15	GNG4	761
DRD4	GNG4	719
PIK3R2	GNG4	782
PLCB2	GNG4	908
ZAP70	ITK	902
GZMK	ITK	736
PIK3R2	ITK	911
IL2RB	ITK	801
CD4	ITK	887
TBX21	ITK	710
LCP2	ITK	999
GNA15	AGTR1	723
GNA12	AGTR1	954
SETD1A	KMT2B	821
GRWD1	DOHH	736
DHPS	DOHH	999
ATIC	DOHH	810
CD4	HLA-DMB	941
CD74	HLA-DMB	982
HLA-DOA	HLA-DMB	987
HLA-F	HLA-DMB	937
HLA-F	HLA-B	982
TYROBP	HLA-B	887
HLA-DOA	HLA-B	977
CD4	HLA-B	890
CD74	HLA-B	800
KLC4	KLC2	985
MAD2L2	POLG	922
KAT2A	TAF6	993
TP53	TAF6	854
MED15	TAF6	866
GTF2H4	TAF6	982
MED10	TAF6	805
MYL2	MYBPC1	868
RAB7A	CAPZB	778
DCTN3	CAPZB	950
ACTR3B	CAPZB	708
CSNK1A1	BUD23	802
IMP4	BUD23	756
NOB1	BUD23	976
BYSL	BUD23	985
NUP210	RANGAP1	833
LCP2	RANGAP1	917
NT5C1A	NAPRT	922
ISOC2	NAPRT	748
IDUA	HYAL2	918
TGFB1	HYAL2	743
MNT	MXD3	739
MEF2D	MEF2B	979
MYOD1	MEF2B	710
CD74	COPG2	838
MAPK3	WDR83	795
EGLN3	WDR83	948
SF3B4	WDR83	995
ISY1	WDR83	706
IL36RN	SIGIRR	745
EMC7	EMC9	999
SF3B4	SNRNP35	861
SNRPA	SNRNP35	712
DVL2	AP2M1	721
CD4	LTA	777
CCR7	LTA	803
TNFRSF1A	LTA	999
KLRK1	LTA	706
LGALS2	LTA	807
SLC6A8	GAMT	945
CKM	GAMT	945
MRPL34	MRPL55	911
MRPS34	MRPL55	888
ARF3	AP4M1	800
TAB1	ARRB2	987
CSK	ARRB2	745
MAPK3	ARRB2	996
ACKR3	ARRB2	967
DRD4	ARRB2	714
DVL2	ARRB2	981
GRK7	ARRB2	932
CCR7	ARRB2	868
PPP2R5B	ARRB2	813
KISS1R	ARRB2	930
PPP2CB	ARRB2	820
CKM	CKMT2	866
IRF2BPL	VGLL4	851
YBX2	SOHLH1	897
TP53	BBC3	959
BCL2L2	BBC3	979
HLA-F	TAPBP	959
TP53	NDRG1	859
PGLS	GPI	792
PFKL	GPI	996
PMM1	GPI	914
GCK	GPI	990
ACO2	GPI	805
IMPA2	GPI	864
PYGM	GPI	812
BCKDHA	GPI	874
PIGQ	GPI	770
PGD	GPI	887
TP53	KAT8	835
KAT2A	KAT8	786
TRPM4	TRPV4	846
HIP1R	EPN1	879
MCOLN1	PNPLA6	781
LPCAT3	PNPLA6	911
PLA2G15	PNPLA6	945
MAPK3	HRAS	983
TP53	HRAS	925
FNTB	HRAS	783
ERBB2	HRAS	907
PIK3R2	HRAS	930
DAB2IP	HRAS	728
RASA4	HRAS	779
MAP2K2	HRAS	968
TRIP6	SLC9A3R2	844
ACTN4	SLC9A3R2	836
SLC9A3R1	SLC9A3R2	901
GCK	FBP1	747
PFKL	FBP1	979
TRIM28	FBP1	710
GID8	FBP1	704
CD4	HLA-DPB1	960
CD74	HLA-DPB1	982
HLA-DOA	HLA-DPB1	977
HLA-F	HLA-DPB1	931
ACTR3B	DCTN2	931
KLC4	DCTN2	716
DCTN3	DCTN2	999
MAPRE3	DCTN2	867
ESAM	CLDN4	700
EFNB1	CLDN4	801
RPL8	GAGE12J	780
RPS3	GAGE12J	778
TNFRSF1A	LTB	803
CCR7	LTB	814
RELB	LTB	828
CCNO	CDK3	757
WNT6	SFRP4	876
WNT9A	SFRP4	815
WNT2	SFRP4	900
WNT10A	SFRP4	817
ITPKC	ITPKB	916
ITPKA	ITPKB	936
PLCB2	ITPKB	712
RPS3	ABCF3	786
PAOX	AOC1	712
ODC1	AOC1	964
ALDH2	AOC1	939
ATP6V0A1	ATP6V0E2	958
CCDC115	ATP6V0E2	734
ATP6V1B2	ATP6V0E2	951
TCIRG1	ATP6V0E2	840
ATP12A	ATP6V0E2	770
ATP6V1C2	ATP6V0E2	950
TXN2	MPST	915
GSTM2	ALDH3A1	719
MYL2	LMOD2	850
PFKL	PGAM4	799
CDK2AP1	MBD3	877
DDX39A	SNRPB	703
GEMIN7	SNRPB	957
SYMPK	SNRPB	870
SF3A2	SNRPB	999
PRPF19	SNRPB	995
ARMC7	SNRPB	922
SNRPA	SNRPB	999
SF3A1	SNRPB	997
RBM42	SNRPB	927
FBL	SNRPB	701
ISY1	SNRPB	900
SF3B4	SNRPB	999
PIGQ	PIGZ	702
VAMP8	STXBP2	855
UNC13D	STXBP2	970
ITPKA	INPP5K	923
ITPKC	INPP5K	925
PPP4C	PPP6R1	725
ERBB2	EFNA4	720
NGEF	EFNA4	776
NGFR	EFNA4	854
EPHA1	EFNA4	998
EFNB1	EFNA4	781
NTRK2	EFNA4	859
MGLL	ABHD4	747
RMDN3	KCNIP1	823
PRPF19	CACTIN	842
TICAM1	TICAM2	986
DCAF15	DCAF11	930
POU2F3	DCAF11	942
B3GAT2	SLC35A2	893
CTSG	SERPINA1	805
CDIPT	SERPINA1	832
APOE	SERPINA1	781
PROC	SERPINA1	934
RPL8	GAGE4	780
RPS3	GAGE4	783
TP53	SLC2A1	967
FERMT3	FBLIM1	928
STAR	FDXR	886
TMEM109	FDXR	820
CYP27A1	FDXR	832
CYP11A1	FDXR	997
TNFRSF1A	SPATA2	997
CCL27	ACKR2	998
CCL17	ACKR2	990
CD4	ACKR2	734
CCL2	ACKR2	985
CCL13	ACKR2	893
ITGAE	ACKR2	720
CCR7	ACKR2	833
CCL22	ACKR2	977
TM7SF2	EBP	991
APOE	PLTP	968
PLA2G7	PLTP	828
MAPK13	DUSP7	749
MAPK3	DUSP7	830
ATP6V1B2	ATP6V1F	999
CCDC115	ATP6V1F	950
ATP5F1D	ATP6V1F	938
ATP6V0A1	ATP6V1F	999
ATP6V1C2	ATP6V1F	996
ATP5F1B	ATP6V1F	885
TCIRG1	ATP6V1F	995
EXOSC7	HELZ2	833
EXOSC5	HELZ2	740
ERBB2	MUC4	996
ZAP70	DBNL	773
RETN	RARRES2	773
IRF8	IRF5	754
PI3	SPRR2F	711
NUBP2	NSFL1C	830
YKT6	VAMP2	825
RABAC1	VAMP2	822
NAPA	VAMP2	997
SYP	VAMP2	999
STX1B	VAMP2	998
SYPL1	VAMP2	821
VAMP8	VAMP2	966
SORT1	VAMP2	786
EEFSEC	SEPHS2	857
ARF3	CDKN2A	718
CDKN2C	CDKN2A	815
ARF5	CDKN2A	760
CBX7	CDKN2A	810
MAPK13	CDKN2A	924
KDM6B	CDKN2A	771
TP53	CDKN2A	999
ERBB2	CDKN2A	773
ISOC2	CDKN2A	790
GZMA	TIGIT	738
LAG3	TIGIT	955
NECTIN2	TIGIT	999
GZMK	TIGIT	752
KLRB1	TIGIT	753
NECTIN1	TIGIT	978
KLRK1	TIGIT	711
GZMB	TIGIT	769
CD4	TIGIT	757
CD27	TIGIT	756
TBX21	TIGIT	735
NDUFB11	NDUFB2	997
NDUFS3	NDUFB2	996
UQCRC1	NDUFB2	866
NDUFA2	NDUFB2	999
NDUFS7	NDUFB2	996
CACNG1	CACNA2D3	941
PRPF19	PRKRIP1	807
GCK	ADCY5	736
ADRA2A	ADCY5	738
CD74	EIF1	838
RSAD1	EIF1	797
EIF3K	EIF1	973
RPS3	EIF1	991
EIF1B	EIF1	924
YBX2	NOBOX	880
BHLHE40	RXRA	788
CEBPE	RXRA	779
BRD4	BRD9	917
STUB1	CDK5	730
TP53	CDK5	967
SYP	CDK5	715
CDC25B	CDK5	913
CYP4F3	POR	951
HMOX1	POR	965
MAD2L2	POLE4	926
KAT2A	POLE4	911
CYP26A1	ADH7	936
ALDH2	ADH7	968
GSTM2	ADH7	708
CNGB1	PDE6B	906
ROM1	PDE6B	764
GUCY2D	PDE6B	919
CX3CL1	CD200	834
NKG7	CST7	900
TYROBP	CST7	759
GZMA	CST7	718
GZMH	CST7	721
GID8	RMND5B	959
QDPR	PCBD2	962
PLCB2	GNGT2	897
GNA12	GNGT2	732
DRD4	GNGT2	794
ABI3	GNGT2	779
GNA15	GNGT2	778
CD68	DCANP1	771
SMG6	SMG7	992
SMG9	SMG7	948
CYP26A1	ADH1C	926
ALDH2	ADH1C	989
TRAF2	MIB2	827
CEBPE	CEBPA	893
TGFB1	CEBPA	850
TP53	CEBPA	930
SPI1	CEBPA	990
RPL8	NACA2	941
GYPC	DMTN	886
TMOD1	DMTN	933
NT5C1A	AMPD1	859
AK1	AMPD1	886
ATIC	AMPD1	968
ALDH2	EPHX2	827
ALDH1L1	EPHX2	799
PLPP1	EPHX2	746
IMPA2	PLCD1	711
CDIPT	PLCD1	926
PLEK	PLCD1	893
DGKQ	PLCD1	720
ITPKA	PLCD1	713
PLCB2	PLCD1	730
CD74	EIF5AL1	765
DHPS	EIF5AL1	924
RPL3L	EIF5AL1	827
RPS3	EIF5AL1	966
RPL8	EIF5AL1	861
FANCE	EIF5AL1	802
CD4	IDO1	875
LAG3	IDO1	825
GZMA	IDO1	728
CD4	CD3G	985
GZMK	CD3G	729
LCP2	CD3G	825
ZAP70	CD3G	994
GZMA	CD3G	760
NKG7	CD3G	749
HSPB1	HSF1	899
MAPK3	HSF1	867
STUB1	HSF1	891
SDF2L1	HSF1	724
HSPB8	HSF1	805
HSPBP1	HSF1	787
IMP4	FAU	848
MFGE8	FAU	806
SLC2A4RG	FAU	798
PLA2G3	FAU	796
SEC61A1	FAU	889
FBL	FAU	860
CD74	FAU	997
EIF1B	FAU	972
VWF	FAU	806
HBA2	FAU	903
HSPBP1	FAU	983
MICALL1	FAU	967
FANCE	FAU	992
BYSL	FAU	979
EEFSEC	FAU	997
KCNQ1	FAU	911
RPL3L	FAU	978
NOB1	FAU	978
EDF1	FAU	997
RSAD1	FAU	997
RPL8	FAU	999
EIF3K	FAU	995
FREM2	FAU	806
RPS3	FAU	999
CSNK1A1	FAU	807
PYGM	CAPN1	792
TP53	CAPN1	938
ROM1	CAPN1	769
ABI3	BRK1	965
NCK2	BRK1	829
ARPC1A	BRK1	927
PFN1	CFL1	994
PDXP	CFL1	894
CORO1A	CFL1	860
TP53	TP53AIP1	945
IRF1	GSDMD	851
PYCARD	GSDMD	939
RIPK3	GSDMD	834
CD79A	MS4A1	935
BLK	MS4A1	738
MMP11	DENND2B	775
HSPB8	CRYAB	754
HSPB1	CRYAB	940
TP53	CRYAB	798
BRD4	BANF1	722
KAT2A	H2AX	742
KDM6B	H2AX	723
HDAC7	H2AX	715
TERF2	H2AX	899
PML	H2AX	769
RPA1	H2AX	714
HDAC5	H2AX	712
TP53	H2AX	892
HDAC10	H2AX	738
XRCC1	H2AX	788
SF3A2	PUF60	942
SF3A1	PUF60	778
ARF5	ARFGAP2	785
MLF2	ARFGAP2	750
KDM6B	ATP6V0B	704
CCDC115	ATP6V0B	812
ATP6V1B2	ATP6V0B	999
ATP6V0A1	ATP6V0B	999
ATP6V1C2	ATP6V0B	984
TCIRG1	ATP6V0B	996
ATP5F1D	ATP6V0B	961
CKM	SLN	816
MYL2	SLN	875
GRP	CCKBR	748
TCIRG1	CCKBR	817
GZMH	GNLY	958
GZMB	GNLY	995
KLRB1	GNLY	730
IL2RB	GNLY	848
GZMK	GNLY	828
KLRK1	GNLY	723
LAG3	GNLY	786
GZMA	GNLY	976
NKG7	GNLY	951
RAMP2	ADM	999
RAMP3	ADM	999
RAMP1	ADM	998
ACKR3	ADM	873
PAF1	TNKS1BP1	856
SYP	ENO2	910
RPS3	ENO2	700
PFKL	ENO2	826
GRP	ENO2	804
CEACAM5	ENO2	919
HDAC7	BCORL1	783
CLEC2D	KLRC1	812
CD4	KLRC1	839
NECTIN2	KLRC1	809
CD27	KLRC1	733
KLRK1	KLRC1	847
HLA-F	KLRC1	965
TYROBP	KLRC1	794
GZMB	KLRC1	741
CD4	SLAMF1	791
MYBPH	SLAMF1	994
LY9	SLAMF1	706
LPCAT3	PLD4	910
PLD2	PLD4	956
ECH1	ACADVL	729
BLK	HNF1A	711
GCK	HNF1A	901
MYO1G	ARHGAP45	744
SF3A2	CHERP	960
SF3A1	CHERP	818
SF3B4	CHERP	835
ARF5	ARF1	862
PLEK	ARF1	762
ARF3	ARF1	853
ACAP1	ARF1	762
PLD2	ARF1	991
CYTH4	ARF1	983
CD79A	JCHAIN	921
TNFRSF17	JCHAIN	872
NTRK2	SH2B2	910
PLA2G3	CYP2E1	784
SULT2B1	CYP2E1	919
ALDH2	CYP2E1	857
B3GAT2	CYP2E1	888
GSTM2	CYP2E1	938
CYP4F3	CYP2E1	946
MAPK3	NR4A1	935
FOSB	NR4A1	907
TP53	NR4A1	817
EGR1	NR4A1	873
TSC2	PRKAB1	960
LIPE	PRKAB1	915
LAMTOR1	PRKAB1	718
MLYCD	PRKAB1	914
PPP2CB	PRR14	779
ERBB2	PTK6	838
DOK1	PTK6	907
GDF1	ACVR1B	760
SMAD7	ACVR1B	902
MYL2	MYBPC3	952
MAPK3	DAPK3	929
DAXX	DAPK3	749
TRIP6	LPAR2	905
GNA12	LPAR2	985
GNA15	LPAR2	738
RAB35	TBC1D10C	779
TP53	OTUB1	872
USP2	OTUB1	707
OTUD5	OTUB1	739
TP53	SCO2	961
ATP1B2	ATP1A3	988
MAPK3	ATP1A3	921
ATP12A	ATP1A3	725
SLC9A1	ATP1A3	819
ABCB6	ATP1A3	732
PLA2G7	PAFAH1B3	924
MAPK3	ATP1A1	942
ABCB6	ATP1A1	734
SLC9A1	ATP1A1	821
ATP1B2	ATP1A1	985
ATP12A	ATP1A1	725
TRIP6	PRAME	774
PAF1	NELFA	904
MLLT1	NELFA	901
ELL	NELFA	902
GNA15	LTB4R2	703
ACO2	TIMM50	755
ATP5F1B	TIMM50	730
MAP3K10	EVI5L	780
RPL3L	RPL18	987
RPS3	RPL18	999
CD74	RPL18	977
NCLN	RPL18	821
RSAD1	RPL18	979
HSPBP1	RPL18	802
SEC61A1	RPL18	891
TMEM147	RPL18	823
EDF1	RPL18	905
EIF3K	RPL18	889
EEFSEC	RPL18	903
FANCE	RPL18	977
RPL8	RPL18	999
NOP53	RPL18	944
DAZAP1	DAZAP2	938
KRT13	KRT4	986
CRNN	KRT4	704
BRF2	BRF1	715
NOTCH3	DTX3	739
RDH5	RDH12	936
CNGB1	RDH12	773
CYP26A1	RDH12	943
GUCY2D	RDH12	781
RBP1	RDH12	707
ROM1	RDH12	728
CD81	FKBP11	723
TP53	TRIAP1	863
SRF	HOPX	755
NGFR	PGF	722
ERBB2	PGF	770
SCAP	NPC2	710
CD79A	TCL1A	711
TYROBP	AKT1	755
CD4	AKT1	839
SLC9A1	AKT1	749
PLEK	AKT1	867
HMOX1	AKT1	796
LCP2	AKT1	846
TP53	AKT1	994
SMAD7	AKT1	817
MAPK13	AKT1	937
PML	AKT1	732
MAPK3	AKT1	957
DAB2IP	AKT1	788
STUB1	AKT1	861
PPP2CB	AKT1	736
GSK3A	AKT1	993
TSC2	AKT1	990
PIK3R2	AKT1	971
EGR1	AKT1	833
TNFRSF1A	AKT1	817
TGFB1	AKT1	868
TRAF4	AKT1	703
PPP2R5B	AKT1	794
CCL2	AKT1	720
SIRT2	AKT1	773
HSPB1	AKT1	991
PI3	AKT1	991
RABAC1	PRAF2	702
GSTM2	GSTZ1	920
ITGB7	ITGA7	747
VWF	ITGA7	711
LAMA5	ITGA7	786
HSPBP1	RPL28	777
RPL3L	RPL28	961
RPS3	RPL28	999
CD74	RPL28	977
SEC61A1	RPL28	853
NCLN	RPL28	806
RSAD1	RPL28	952
RPL8	RPL28	999
TMEM147	RPL28	819
FANCE	RPL28	954
EEFSEC	RPL28	904
TLE5	TLE3	932
BCL9	TLE3	913
TCF7L1	TLE3	778
NECAB3	APBA2	931
BCL2L2	BCL2L10	880
RHOV	PAK6	901
NCK2	PAK6	917
FIZ1	NRL	888
CNGB1	NRL	711
CLN6	CLN3	979
CTSD	CLN3	837
NOB1	TBL3	780
CD74	TBL3	781
DDX49	TBL3	822
EXOSC7	TBL3	807
BYSL	TBL3	998
GRWD1	TBL3	942
EXOSC5	TBL3	861
FBL	TBL3	996
IMP4	TBL3	999
GNA12	ADGRG1	965
GIGYF1	ZNF598	958
RPS3	ZNF598	809
PYGM	PHKG2	824
PPP4C	KCTD13	712
TUBA4A	TUBB8	963
INO80B	INO80E	995
VWF	PECAM1	918
CD38	PECAM1	992
TGFB1	PECAM1	702
CD68	PECAM1	823
ESAM	PECAM1	728
CD4	PECAM1	746
ATP5F1D	COX4I1	933
TRIR	COX4I1	819
FIS1	COX4I1	733
UQCRC1	COX4I1	998
NDUFS7	COX4I1	975
NDUFS3	COX4I1	993
NDUFB11	COX4I1	977
NDUFA2	COX4I1	981
ATP5F1B	COX4I1	952
ACTN4	ACTG1	970
ARPC1A	ACTG1	940
ACTR3B	ACTG1	931
PFN1	ACTG1	992
MYL2	ACTG1	928
MYO1G	ACTG1	717
ITGB7	ACTG1	911
CCL2	MMP12	750
TGFB1	MMP12	724
ATP5F1B	ATPAF1	983
RAB40C	RAB40B	845
SETD1A	POLR2A	868
GTF2H4	POLR2A	988
MED10	POLR2A	992
PAF1	POLR2A	996
ELL	POLR2A	721
BRD4	POLR2A	933
MLLT1	POLR2A	718
MED15	POLR2A	880
TRIM28	POLR2A	769
PIH1D1	POLR2A	886
ASB6	POLR2A	714
TYROBP	CD300LF	922
ERBB2	MIEN1	809
ODC1	OAZ2	980
KCNQ1	KCNJ12	954
APBA1	KCNJ12	766
ARHGDIG	ARHGDIA	911
NGFR	ARHGDIA	992
FA2H	COASY	717
SLC27A2	COASY	738
CAPN15	CAPNS1	775
UQCRC1	CAPNS1	749
LCP2	MAP4K1	933
GRWD1	CD3EAP	760
GTF2H4	CD3EAP	708
PLA2G7	APOC1	842
PEPD	APOC1	780
APOE	APOC1	999
FOSB	IER2	797
EGR1	IER2	908
DOK1	EVPL	749
PKP1	EVPL	890
TGM1	EVPL	840
PI3	EVPL	779
TP53	CCDC106	751
ITGAE	MPPE1	725
IRF8	MPPE1	704
TELO2	FAAP24	988
FANCE	FAAP24	995
RPA1	FAAP24	724
PLCB2	PIP5K1C	722
ACTN4	PIP5K1C	917
PIK3R2	PIP5K1C	928
TSKS	TSSK6	725
TLE5	TLE2	858
HLF	TLE2	766
TCF7L1	TLE2	706
PEPD	APOC2	795
PLA2G7	APOC2	820
APOE	APOC2	999
ACADS	GCDH	931
GUCY2D	GCDH	753
ECSIT	GCDH	700
GET4	RAD23A	768
TMOD1	TNNT1	700
MYL2	TNNT1	899
TNNC1	TNNT1	990
WBP1	WBP2	953
UQCRC1	WBP2	805
TICAM1	SARM1	967
CFP	CFD	845
RETN	CFD	905
NOTCH3	PSENEN	765
APOE	PSENEN	704
PMM1	TK1	825
GALK1	TK1	876
CENPM	TK1	740
ARF5	COPE	795
YKT6	COPE	719
CERS4	SPHK2	957
S1PR4	SPHK2	922
PLD2	SPHK2	931
MAPK3	SPHK2	945
TM9SF1	CHMP2A	759
EMC7	CHMP2A	724
CHMP4B	CHMP2A	996
VPS37B	CHMP2A	955
DGCR6L	PAK4	754
RHOV	PAK4	831
NCK2	PAK4	924
SF3A2	LSM4	996
RBM42	LSM4	929
SNRPA	LSM4	987
SF3A1	LSM4	996
SF3B4	LSM4	991
RPL3L	FLT3LG	940
NGFR	FLT3LG	706
FANCE	FLT3LG	932
SEC61A1	FLT3LG	859
RPL8	FLT3LG	981
ITGAE	FLT3LG	780
RPS3	FLT3LG	982
MRPL34	FLT3LG	830
NOP53	FLT3LG	775
CX3CL1	FLT3LG	889
ERBB2	FLT3LG	715
FBL	FLT3LG	788
RSAD1	FLT3LG	918
HSPBP1	FLT3LG	774
CD74	FLT3LG	947
EDF1	FLT3LG	803
EGLN3	EGLN2	954
CCDC9	UPF1	910
SMG6	UPF1	999
PABPN1	UPF1	776
SMG9	UPF1	994
EHD2	AP2S1	901
DVL2	PRICKLE3	970
CELSR1	PRICKLE3	783
PAF1	SUPT5H	999
ELL	SUPT5H	958
PPP4C	SUPT5H	842
MLLT1	SUPT5H	936
FBL	EMG1	995
EXOSC5	EMG1	808
CD74	EMG1	788
IMP4	EMG1	997
EXOSC7	EMG1	836
GRWD1	EMG1	827
DDX49	EMG1	968
RTN4R	EMG1	812
BYSL	EMG1	999
NOB1	EMG1	721
TSR3	EMG1	741
IRF8	IL12RB1	730
CD4	IL12RB1	765
TBX21	IL12RB1	833
CTF1	IL12RB1	711
IL12B	IL12RB1	998
CD74	RPS19	985
TP53	RPS19	723
SEC61A1	RPS19	837
EDF1	RPS19	932
RPS3	RPS19	999
CSNK1A1	RPS19	808
NOB1	RPS19	983
HSPBP1	RPS19	860
RPL8	RPS19	999
FBL	RPS19	986
HBA2	RPS19	920
FANCE	RPS19	976
EIF3K	RPS19	986
RSAD1	RPS19	977
RPL3L	RPS19	983
IMP4	RPS19	975
EIF1B	RPS19	877
EEFSEC	RPS19	978
BYSL	RPS19	994
SPI1	NUP62	714
NUP210	NUP62	984
GIGYF1	ZFP36	725
EGR1	ZFP36	798
FOSB	ZFP36	890
RPL8	CCDC124	910
RPS3	CCDC124	903
PSMD3	MPND	723
IRF1	IRF3	718
TICAM1	IRF3	993
IRF8	SPIB	857
TCF7L1	TEAD2	840
XRCC1	POLD1	904
LIG1	POLD1	973
RPA1	POLD1	989
MAD2L2	POLD1	978
CCL13	CXCL17	995
CCL2	CXCL17	996
CCL17	CXCL17	998
BCKDHA	IL4I1	909
MIF	IL4I1	902
MAPK3	PLA2G4C	907
PLD2	PLA2G4C	707
PLA2G15	PLA2G4C	793
PLA2G7	PLA2G4C	803
EEFSEC	SARS2	821
SRSF9	SNRNP70	751
FUS	SNRNP70	884
TARDBP	SNRNP70	852
SF3A1	SNRNP70	867
HNRNPL	SNRNP70	842
SF3B4	SNRNP70	944
SNRPA	SNRNP70	999
SF3A2	SNRNP70	986
GEMIN7	SNRNP70	850
RBM42	SNRNP70	849
PRPF19	SNRNP70	815
PABPN1	SNRNP70	762
HIP1R	FCHO1	863
ODC1	OAZ1	999
GRWD1	FBLL1	721
RPL3L	FBLL1	828
BYSL	FBLL1	948
IMP4	FBLL1	955
FBL	FBLL1	905
DVL2	CSNK2A3	906
FXYD7	FXYD3	774
HNRNPL	TAF15	816
FUS	TAF15	818
TARDBP	TAF15	884
SETD1A	SETD1B	998
HSD17B10	HADH	858
ACOT8	HADH	873
ECH1	HADH	892
ACADS	HADH	875
TSC2	TBC1D7	999
MAPK3	TBC1D7	908
ALDH2	ACYP2	906
RPL3L	WDR18	723
DDX49	WDR18	902
RPL8	WDR18	748
BYSL	WDR18	729
FBL	WDR18	809
GRWD1	WDR18	855
IMP4	WDR18	891
PTPN23	CHMP4A	984
VPS37B	CHMP4A	944
CHMP4B	CHMP4A	946
KCNMB1	KCNN1	945
PGD	RPEL1	993
CD82	APBB1	764
APBA1	APBB1	822
QTRT1	APBB1	785
MBOAT7	TMC4	901
SLURP1	LYNX1	967
APOE	NR1H3	850
SIT1	LCK	774
TRAF2	LCK	914
CD27	LCK	810
LCP2	LCK	999
ZAP70	LCK	999
CSK	LCK	912
TYROBP	LCK	935
GZMB	LCK	738
CD4	LCK	999
KLRK1	LCK	806
IL2RB	LCK	874
DOK2	LCK	837
BLNK	LCK	742
PIK3R2	LCK	773
NOTCH3	PTCRA	810
TRIM28	ZNF282	732
CX3CL1	CCL3	733
CD4	CCL3	880
IL1RN	CCL3	782
CCL27	CCL3	789
CCR7	CCL3	953
LMO2	CCL3	705
SARAF	STIM1	943
MAPRE3	STIM1	823
BHLHE40	CRY2	882
NR1D1	CRY2	949
PIH1D1	POLR2E	977
IMP4	POLR2E	795
GTF2H4	POLR2E	971
PDRG1	POLR2E	985
PAF1	POLR2E	910
MED10	POLR2E	985
BRF2	POLR2E	758
MED15	POLR2E	836
ODC1	SMOX	791
CD4	SIRPA	724
TYROBP	SIRPA	941
TP53	AIFM2	934
ACP5	OSCAR	783
TYROBP	OSCAR	982
MICALL1	EHD1	997
MLLT1	MLLT6	974
ELL	MLLT6	831
TRAF4	MLLT6	716
GSTM2	EPHX1	951
NTRK2	ADORA2A	940
CD4	ADORA2A	709
PIK3R2	PIK3R6	945
LIG1	POLD2	793
MAD2L2	POLD2	999
RPA1	POLD2	938
CIB2	USH1G	838
ARF5	IQSEC1	835
NOTCH3	SRRT	723
HNRNPL	SRRT	725
B4GALNT3	B4GALT3	921
B3GAT2	B4GALT3	917
ISOC2	OPLAH	758
GNA12	ADRA2B	909
CTAG2	MAGEA6	878
TRIM28	MAGEA6	724
NUDT22	NUDT18	716
TGFB1	FGF1	813
ERBB2	FGF1	787
NGFR	FGF1	843
NTRK2	FGF1	770
APOE	LSR	769
PRPF19	SRRM3	854
P2RX1	P2RY6	869
MAPRE3	GAS2L1	848
CSK	PRAG1	854
ATP12A	FXYD1	730
SLC9A1	FXYD1	795
ABCB6	FXYD1	720
ATP1B2	FXYD1	923
PYGM	AMY2A	970
NUP210	POM121C	821
TMEM109	FADS6	815
MED10	MED29	998
MED15	MED29	999
GTF2H4	MED29	813
CHST7	CHST12	811
FUS	CREB3L1	708
MAPK3	CREB3L1	905
NGEF	EPHB6	919
EFNB1	EPHB6	999
EXOSC7	IP6K1	769
ITPKA	IP6K1	739
CBX7	PCGF2	998
KLC4	NEFL	917
TARDBP	NEFL	791
MAPK13	NEFL	909
CCL17	CCL4	943
CD4	CCL4	939
GZMK	CCL4	704
CCL27	CCL4	850
CCL2	CCL4	787
CX3CL1	CCL4	904
CCR7	CCL4	996
ACKR3	CCL4	742
LAG3	CCL4	735
IL10RA	CCL4	700
CCL22	CCL4	772
GZMB	CCL4	748
IRF1	CCL4	704
DGKQ	DGAT1	760
LIPE	DGAT1	746
CYP26A1	DGAT1	927
RDH5	DGAT1	921
SARAF	ORAI1	776
RELB	MAP3K14	903
TAB1	MAP3K14	926
TRAF2	MAP3K14	995
HSD17B10	DHRS11	884
CYP11A1	DHRS11	765
STAR	DHRS11	738
RDH5	DHRS11	728
TPSD1	TPSB2	931
CYP26A1	CRABP2	721
PLAAT4	CRABP2	753
ABI3	WASF2	965
ACTR3B	WASF2	919
ARPC1A	WASF2	927
PFN1	WASF2	755
CCR7	CCL4L1	887
CCL13	CCL4L1	827
CCL2	CCL4L1	999
SORT1	FURIN	743
PROC	FURIN	830
TGFB1	FURIN	890
MMP11	FURIN	893
CD4	FURIN	749
ST14	FURIN	742
TRAF2	BTK	915
BLNK	BTK	999
ZAP70	BTK	731
CD79A	BTK	955
PIK3R2	BTK	925
LCP2	BTK	999
TYROBP	BTK	768
PLEK	BTK	929
GNA12	BTK	840
LAMTOR1	NPRL3	943
RELB	IKBKG	850
TNFRSF1A	IKBKG	999
TAB1	IKBKG	999
TRAF2	IKBKG	999
PYCARD	IKBKG	906
RIPK3	IKBKG	710
EIF2AK1	IKBKG	902
TICAM1	IKBKG	710
PPIF	TSPAN33	720
CYTIP	CD48	789
KLRK1	CD48	782
CD4	CD48	792
KLRB1	CD48	818
LY9	CD48	948
NECTIN2	CD48	720
CD27	CD48	711
ELL	CTDP1	819
MLLT1	CTDP1	832
CTDSP1	CTDP1	872
RPL8	GAGE1	780
RPL8	GAGE4	780
RPS3	GAGE1	778
RPS3	GAGE4	778
SNRPA	CPSF1	725
SYMPK	CPSF1	999
ZC3H3	CPSF1	842
PABPN1	CPSF1	855
CSK	SRCIN1	760
MAPRE3	SRCIN1	916
ST6GALNAC2	MUC1	737
GPC1	MUC1	748
TP53	MUC1	966
MFGE8	MUC1	702
CLEC10A	MUC1	738
CEACAM5	MUC1	925
ERBB2	MUC1	979
LGALS3	MUC1	995
CD74	CIITA	833
PYCARD	CIITA	748
CD4	CIITA	745
RFX1	CIITA	958
HLA-DOA	CIITA	822
UQCRC1	UQCRHL	988
NDUFS3	UQCRHL	896
NDUFA2	UQCRHL	974
TRIR	UQCRHL	795
GUCY2D	CDHR1	748
PTPN23	UBAP1	996
VPS37B	UBAP1	990
CHMP4B	UBAP1	929
STUB1	BAG1	963
GET4	BAG1	745
HSPBP1	BAG1	973
TP53	BAG1	754
ERG28	FDFT1	984
SLC47A1	FDFT1	714
FNTB	FDFT1	847
MVK	FDFT1	895
TM7SF2	FDFT1	766
RPL8	GAGE2D	780
RPL8	GAGE4	780
RPS3	GAGE2D	783
RPS3	GAGE4	783
GCK	PFKFB3	891
PFKL	PFKFB3	972
CYTIP	CYTH2	717
PLEK	CYTH2	735
MYL2	MYH14	918
MYH1	MYH14	915
TRIM28	ZNF746	905
PFKL	HK1	977
KHK	HK1	925
PMM1	HK1	929
GALM	HK1	914
GCK	HK1	917
MYH1	ACTB	749
TUBA4A	ACTB	825
TUBB4A	ACTB	801
ITGB7	ACTB	920
MYL2	ACTB	948
ARPC1A	ACTB	947
MYO1G	ACTB	759
PFN1	ACTB	999
ERBB2	ACTB	932
ACTR3B	ACTB	975
TGFB1	ACTB	773
DCTN3	ACTB	896
HMOX1	ACTB	785
MAPK3	ACTB	844
CD4	ACTB	777
INO80B	ACTB	896
ACTN4	ACTB	971
TP53	ACTB	879
HDAC5	TBL1X	817
PDLIM4	MYO3A	901
BLNK	PRKCB	734
SLC9A3R1	PRKCB	908
PLCB2	PRKCB	931
MAPK3	PRKCB	949
EGLN3	PRKCB	919
SLC9A1	PRKCB	911
PPP2CB	PRKCB	915
CD38	PRKCB	922
SLC6A3	PRKCB	917
ITGB7	PRKCB	712
PFKL	ALDOA	992
PYGM	ALDOA	733
GCK	ALDOA	868
KHK	ALDOA	935
TYRO3	SOCS1	804
TP53	SOCS1	839
ZAP70	SOCS1	776
TAX1BP3	SOCS1	791
IRF1	SOCS1	821
PDLIM4	ESPN	723
PDLIM4	MYO1C	904
CD4	CTLA4	955
NECTIN2	CTLA4	931
CD68	CTLA4	730
LGALS3	CTLA4	844
ZAP70	CTLA4	770
CD38	CTLA4	785
CD27	CTLA4	781
LAG3	CTLA4	965
TBX21	CTLA4	822
CCL22	CTLA4	705
GZMB	CTLA4	827
GZMA	CTLA4	712
IL10RA	CTLA4	708
ITGAE	CTLA4	781
CCR7	CTLA4	798
LGALS3	TRIM16	993
CD82	CD53	872
LCP2	CD53	796
TYROBP	CD53	791
TSPAN31	CD53	715
SRSF9	EIF4A3	891
SF3A1	EIF4A3	784
ISY1	EIF4A3	981
RPL8	EIF4A3	755
SMG6	EIF4A3	750
PRPF19	EIF4A3	985
YBX3	EIF4A3	703
FUS	EIF4A3	902
TARDBP	EIF4A3	857
FBL	EIF4A3	719
HNRNPL	EIF4A3	779
CCDC9	EIF4A3	970
RALY	EIF4A3	721
RPS3	EIF4A3	802
DDX39A	EIF4A3	774
PLA2G3	ALOX12B	706
CYP4F22	ALOX12B	843
CYP4F3	ALOX12B	921
TGM1	ALOX12B	907
CHRNA6	CHRNE	835
CHRNA1	CHRNE	941
TP53	NDN	998
NGFR	NDN	923
IL36RN	CARD14	780
CD27	SELL	828
SELPLG	SELL	998
CD38	SELL	700
GZMB	SELL	778
TBX21	SELL	763
CD4	SELL	931
IL2RB	SELL	802
VWF	SELL	774
ITGAE	SELL	848
CCR7	SELL	942
TYROBP	SELL	730
LAG3	SELL	718
KLF2	SELL	785
GNA12	GPR55	983
MGLL	GPR55	776
UNC93B1	MYD88	808
TICAM1	MYD88	928
TNFRSF1A	MYD88	818
IRF8	MYD88	705
RELB	MYD88	766
TNFRSF13B	MYD88	827
PYCARD	MYD88	843
MAPK3	MYD88	734
IRF1	MYD88	965
CD4	MYD88	850
BCL3	MYD88	702
TP53	MYD88	721
TAB1	MYD88	979
CCL2	MYD88	728
PRPF19	PQBP1	828
VWF	FGA	866
APOE	FGA	705
LYZ	FGA	861
PROC	FGA	851
NOTCH3	NOTCH1	811
LFNG	NOTCH1	973
DLL4	NOTCH1	999
NUMBL	NOTCH1	989
TNFRSF8	NOTCH1	726
DTX1	NOTCH1	984
ERBB2	NOTCH1	796
TP53	NOTCH1	789
MAPK3	NOTCH1	714
KAT2A	NOTCH1	767
DVL2	NOTCH1	931
SRF	MRTFA	999
ILVBL	MRTFA	863
IMP4	KRI1	863
NOP53	KRI1	744
BYSL	KRI1	742
PPAN	KRI1	756
BIN3	BIN2	989
CD79A	SPN	843
CD27	SPN	813
CD4	SPN	770
TNFRSF8	SPN	729
SELPLG	SPN	972
CD38	SPN	816
CD68	SPN	764
LGALS3	SPN	890
ACO2	PC	749
BCKDHA	IVD	820
APOE	NR1H2	793
PLEK	ARHGAP9	796
TP53	S100A2	980
MYL2	MYL3	999
TNNC1	MYL3	804
MYH1	MYL3	921
SDF2L1	MANF	892
TNNC1	TNNT2	999
MYL2	TNNT2	950
CAMK1	CALM1	982
SLC9A1	CALM1	948
CASQ2	CALM1	718
ITPKC	CALM1	903
ITPKA	CALM1	991
ATP6V1B2	ATP5MC2	900
ATP5F1D	ATP5MC2	998
ATP6V0A1	ATP5MC2	890
TCIRG1	ATP5MC2	858
RPS3	ATP5MC2	772
ATP5F1B	ATP5MC2	990
KDM6B	ATP5MC2	701
ATP6V1C2	ATP5MC2	712
RIPK3	CAMK2A	902
SLC6A3	CAMK2A	949
CACNG1	CAMK2A	725
PLCB2	CAMK2A	919
EGR1	CAMK2A	727
TFAP2C	TFAP2A	931
APOE	TFAP2A	782
TP53	TFAP2A	913
MGLL	CEL	925
CYP27A1	CEL	824
SULT2B1	CEL	805
CYP11A1	CEL	827
GABARAPL2	URM1	719
