FA HNSCC,,,,
Community,Nodes,Hubs,Top GO Term,Nodes
0,202,52,ribosome biogenesis (GO:0042254),"MRPS10,MRPS35,ESF1,RPL18A,TWISTNB,RRN3,GTPBP10,MRPL32,POLR3B,KRR1,MTREX,TARBP1,CEBPZ,DDX55,EIF2S3,EIF3E,NOL11,PTCD3,EIF2S1,MPHOSPH6,RSL24D1,WDR12,GPATCH2L,UTP20,UTP6,DDX18,MTIF2,TAF1B,POLR1A,GTF3C3,MRPL3,EFL1,RPS27A,DHX29,RPL37,NVL,RIOK2,MRPS18C,STT3B,ALG10,EIF5A2,MRPL33,YAE1,ABCE1,RPS23,UTP15,NEMF,TRUB1,MED1,PARP8,PA2G4,MRPL13,WDR3,UTP23,RPL15,RPL38,ALG10B,RPL4,TTC27,WDR75,DDX10,PUS10,MYNN,RPS27L,EEF1G,NOP10,EIF3C,ACTRT3,TRMT11,POLR3C,DEPDC7,TCP11L1,DHX15,MRPL30,EEF1A1,ASCC1,RPL7,TAF1A,LRRC37B,SRFBP1,RPS2,PUS7L,MRRF,RPL27A,RPL21,RPS3A,RPL22,C1D,SDAD1,RPS26,DDX47,TMA16,BDP1,SUPV3L1,MAK16,GTPBP4,GNL3L,ZNF37A,RPL12,RPL39,HEATR1,EPRS1,RRP15,GPATCH2,MTRF1L,LTV1,HBS1L,MDN1,RPF1,NOC3L,RPL7A,GTF3C4,POLR3A,BMS1,EIF2S2,OTUD3,RBM7,NSUN6,NOL9,DIS3,TRDMT1,ZFC3H1,RBM27,LYRM7,MTRF1,PAK1IP1,EIF1AX,EXOSC9,PTCD2,EXOSC8,RPL13A,EEF1B2,MRPL19,RPL24,UTP14A,THUMPD1,PUM3,EIF4G3,WDR43,METTL15,IFRD1,MCC,EIF4B,RPL23A,RPSA,RPS18,GNL3,PNPT1,CTPS2,RPL6,RPL36A,DHX57,VEZT,TAF1D,DOCK4,RPL10,NMD3,RPL7L1,UTP25,IRF6,SPCS2,SSR3,WDR36,MRPS30,GFM2,RPL30,RPL26L1,UTP14C,WDR74,EIF3M,ZCCHC8,PDCD2,NOL8,URB2,WDR89,ZCCHC7,POLR1B,RPL41,RPLP0,MRPL42,ETFRF1,SRP54,MINDY2,BOP1,RPL26,RPL17,RPS28,LTN1,DDX52,RPS10,RSRC1,RBM26,NSA2,RPL9,SRP72,RPS7,RPL11,HEATR3,TTC37,POLR3G,RPS27,PIN4"
1,132,34,mitotic spindle organization (GO:0007052),"CSNK2A1,RAD51AP1,MGP,GGCX,AURKA,NCAPH,FBXO5,DLGAP5,ZW10,NCAPG,KIF23,KIF11,CSNK2A2,KIF18A,SGO1,TOP2B,NEIL3,LYVE1,CENPE,KNSTRN,SPDL1,ANLN,PLK4,UBE2D4,SPC25,SKA1,SMC2,BUB1B,TAOK1,MAD2L1,KIF27,MELK,TPX2,BIRC5,BUB1,UBE2E1,CKAP2L,SHCBP1,MIS18BP1,ZWILCH,UBA6,SKA3,TEX14,RBM44,KIF15,HASPIN,CLASP2,YAF2,RLIM,KNTC1,SKA2,ERCC6L,CDKN3,KNL1,PCGF5,ANAPC1,SMC4,SLC26A8,SGO2,KIFBP,KIF21A,ARHGAP11A,CENPF,PROX1,NSL1,DTL,NEK2,KIF14,ASPM,RNF2,MKI67,BUB3,BRCC3,TTK,PCGF6,ZNF451,BEND6,CEP55,KIF20B,STIL,CENPI,CHIC1,UBE2D1,UHRF2,RNF146,CDC26,KIF4A,CDC14B,MASTL,CKAP2,PLAG1,LCORL,CIT,ECT2,HMMR,DZIP1,HAS2,PRC1,CDC23,KIF20A,KIF13A,CDK1,SLK,SPDYE1,KIF2A,RACGAP1,TOP2A,DEPDC1,ZNF224,HJURP,MCM10,PHC3,ANAPC4,CKAP5,NCAPD3,CDC27,DDIAS,PHC1,CALU,ZMYND8,PARPBP,C1orf112,AUNIP,PRRG1,ARPP19,SPC24,ANAPC10,BORA,CCNA2,USP37,SPDYE6,SPDYE5"
2,708,166,cellular protein modification process (GO:0006464),"SIRT1,RPS6KB1,RPAP3,LAMB1,LAMA4,NR3C1,EXOC2,RHOQ,WNT3,FZD3,GNB4,PTGER2,RB1CC1,ATG14,CANX,GNGT1,FGFR1OP2,STRIP2,GNAT2,EIF2AK2,STRADB,PRKAB2,AP4S1,AP3B1,KRAS,SOS2,GDAP1,SBF2,RRAS2,APC,HRK,MDM2,UGGT1,STX17,THAP1,THAP12,TFPI,THBS1,NOTCH2,ADAM10,CCND2,CSF3,LRP6,TRAF5,AP4E1,PIK3C3,MTMR7,SMAD2,RHEB,VMP1,METTL25,METTL2B,SMURF2,TRPC5,CEACAM8,BPI,GAB1,IL1A,IRAK3,IL1B,C9,BIRC3,MPP5,EPB41L5,CHMP2B,STAM2,STRN,PIK3CA,RAP1B,DNAJC10,TXNDC9,PIKFYVE,VCL,RGS2,PRKG2,RAPGEF2,FGF2,PI4K2B,PPP2R3A,VCAN,RASGRF2,PLXNC1,NRP1,SEMA3A,AKAP10,PRKAR2A,AKAP11,CDK6,HPS5,PIK3C2A,IAPP,IDE,CACNA1C,ABCC9,TMPO,FGF7,IQGAP1,TRIM23,OSMR,RASA1,EGFR,SLC10A1,CCT6A,DOCK11,NRBF2,LIN7C,MPP6,USP15,EPG5,GUCY1A2,ITGA1,P4HA1,PLOD2,UBASH3B,LY96,FNBP1L,TSEN2,LONP2,RASA2,BAG4,ZFYVE9,TIMP4,PPARG,CLDN16,CLDN12,CLPB,REL,PRKCI,PTX3,CXCL3,PF4,GUCY1A1,RICTOR,TLR3,RAPGEF6,NPM1,HSPA9,CFL2,TSC1,SPRED1,DNAJC13,MAP1A,CRK,DOCK7,DOCK5,MAP4K5,KIDINS220,NFATC3,AXL,HSPA4,DNAJC12,ST13,HSPA13,METTL21A,MTBP,PPID,MAGI3,ALCAM,PRKCE,IL7R,ANTXR2,PPM1D,KIF5B,CCDC6,BSN,GABPB1,WDCP,TSPAN5,MLKL,LEMD3,ADD2,PPP2R1B,FGF5,CTBP2,MS4A6E,MS4A10,CFLAR,PPFIA1,PPFIBP1,DENND6A,AVL9,MET,ROCK2,EDEM3,MPDZ,CACNB2,DNAJC25,EML4,RNF144A,ATG4C,HTR1F,LAMA3,DST,COL12A1,COL14A1,FBN1,PMAIP1,PAWR,TRAK2,PAXBP1,GRPEL2,SHC4,TBK1,CARMIL1,PARVA,HOMER1,HSP90AA1,CHORDC1,TRIM36,TMLHE,DHX33,SEL1L,NLRP3,EPHA3,LIMS1,PPP2R5E,KLRD1,ULBP1,ZBTB16,SSPN,SNTB2,CTNNAL1,RHOBTB1,STARD13,DPP8,USP9X,FOXO3,ABCA6,HSPD1,ACVR2B,INHBE,TRPC6,PTK2,NCR3LG1,ABCA9,SNX18,RNF41,SERPINA6,FERMT2,LIPI,MAP4K4,CCNG1,NF2,RBPJ,HMGB1,DLG1,TANC1,MTMR2,ANXA2,PRKAA1,GABPA,PDE5A,DNM3,OPHN1,SYNJ2,SYNJ2BP,TJP1,CXADR,PDE4D,AKAP9,PPP4R2,PPP4R4,SPTBN1,CACNA2D1,ANK2,SCN8A,STRN3,CCR9,NF1,RHOT1,CASP8,TGFBR2,TGFBR3,PDE3A,CACNA1G,SCN3A,CD2AP,PTPN22,ATG2B,ERGIC2,VPS13A,NRP2,MYH10,SHROOM3,DIAPH2,ERC1,ZEB1,MTOR,SLC25A46,OPA1,AKAP13,CATSPERE,EXOC8,CDC42BPA,AFDN,TGFB2,CR1,PFKFB2,TIGAR,MDM4,PPP1R15B,NEK7,E2F7,RBMS2,CFH,PLA2G4A,GDPD1,PTGS2,UTRN,ADGRG6,RASAL2,CACYBP,TIPRL,ATF6,EPB41L2,GOPC,EEF1AKMT2,PIP5K1A,GABPB2,CD160,ITGA10,MAP3K7,SCAF11,SHOC2,CNR1,SIKE1,NRAS,PHTF1,RSBN1,MTM1,CHUK,IKBIP,PRKACB,LRBA,SIK2,CSNK1G3,BAG2,DNAJB4,GNG12,PAK3,CHRM3,DNAJC6,ROR1,XIAP,OMA1,PLCE1,DMP1,RUNX2,PARD6B,EPS15,REPS2,IFIT5,IL13RA2,PTEN,PREX2,BMPR1A,RASSF6,STK4,BMT2,RRAGC,FNIP2,APOOL,IPMK,MBL2,DKK1,PRKG1,GNG10,LPAR1,BMPR2,ELP1,TMEM38B,ABCA1,NIPSNAP3B,COL5A2,COL15A1,OGN,ASPN,HSPA1B,DNAJB7,RBM43,RND3,SHC3,CLCN3,CLCN5,PIP4K2A,UGGT2,ERRFI1,STAM,CUBN,RSU1,AHNAK,MYOF,HSPA14,PRKD3,ZFX,SMAD9,DDX60L,DDX58,NTNG1,CDKL5,TRIM5,NCKAP1,NHS,IL6ST,ITSN1,ITPR2,CD274,ZHX1,ZMYND11,MTMR6,KLRC3,ARHGAP5,DNAJC19,DFFA,CIDEC,SRGAP1,SRGAP3,RUFY2,KCNQ3,FRYL,STK38L,GXYLT2,LYST,NLRP12,CALCRL,PRKAR1A,TRAF3,PDCD10,IGF1,CASP5,CARD16,STAMBP,STK26,KRIT1,EFEMP1,SLFN12,CFI,DMTF1,AKAP5,PPP3CA,RCAN3,DAAM1,KTN1,MAPK8,PTPRR,DUSP10,DUSP4,SPAG9,AREG,MPRIP,NFATC2,ITGB1,SKAP2,MOB1A,MOB1B,UEVLD,USP8,C8orf44,AP1S3,TMEM106B,SLC38A9,INS-IGF2,SH3KBP1,ASAP2,ARHGEF12,GXYLT1,MAP3K1,MAP4K3,ROCK1,KCNU1,SLC9C1,USP25,DIAPH3,MACC1,NEDD4L,NBEA,DCLK1,GLRB,MASP2,GP6,GP5,ZFPM2,PARP4,PARG,ARHGAP29,AKAP12,CLHC1,SMCR8,RGP1,MINDY3,TMEM45A,PARD3B,INSC,GULP1,IL1R1,ZNF638,RAD54L2,CHN1,MAP3K2,MPP4,CREB1,CAMK1G,TSSK4,CASP4,TCF12,PPP1R12A,CHCHD3,TLR6,PRKD1,PKD1L1,ATP2B1,TMX1,MYO1A,BIRC6,KCNK2,LIFR,SPATA13,TNIK,CHRM2,LRCH3,LAMA2,GNA13,EDNRA,C9orf47,AVPR1A,PPIP5K1,UBE2L3,HACE1,RUNX1T1,ATL3,CCPG1,DNAJB14,CLMP,NTN4,UNC5C,SYBU,KCNMB2,CNTN6,IMPA1,GDNF,OTUD4,SYNJ1,PACSIN2,IL10,MOG,FREM1,SKIL,SESTD1,STIM2,YIPF6,NECTIN3,PTPRG,PARP14,ZFP57,BRAF,CALML4,ASPH,TRPC1,PPIA,WWTR1,VGLL1,VGLL3,KCNB1,KCNAB1,KCNS2,ERVFRD-1,FLNB,TFAM,MFN1,SLC10A7,FNIP1,RPS6KA2,PDGFC,INPP4B,SH3TC2,FBN2,AMOTL2,MTX3,NEDD4,MORC4,ATG12,WDFY3,ERBIN,GUCY1B1,ZFYVE16,RIMS2,APBB2,CXCL2,ABL2,FBXO32,RIMS1,SLC10A5,NAIP,RNF19A,STK3,ASAP1,MCF2,SLC24A4,SPA17,EFCAB7,PTPRK,TMEM41B,CASP1,FLI1,TRAF6,PELI2,FGD4,MAML2,TEAD1,PAFAH1B2,LGALS8,HSPA8,LATS1,PTPN14,WWC2,HMGA2,HIF1A,SLC16A4,SUCO,ARHGEF28,SESN3,SMAD5,RASSF3,SLCO1C1,MYCBP2,SSH2,FRS2,TGFBR1,LIN7A,APAF1,UACA,DNM1L,TWF1,PLS1,PPFIA2,JKAMP,SIPA1L1,STON2,SYT9,ITGB3,PEAK1,RNF111,PHLPP2,GTF2I,YES1,FER,OTUD7B,RNF213,TNFSF14,NBPF3,NBPF1,FBXW7,STYX,CSNK1G1,NAP1L1,BIRC2,NOS1,CCL16,VPS13D,RYK,YAP1,CLTC,METTL8,GTF2IRD2B,CDC42EP3,EPHA5,SCAMP1,MAPK8IP3,AP2B1,BMP2K,MEX3C,PPP4R3B,EXOC5,DOCK1,PPIP5K2,ZEB2,NHSL2,EXOC6B,PTPN11,IFIT2,NECAP1,LPP,VPS13C,PATJ,EPS8,TRPM7,SLC41A2,RDX,INPP5F,UBE3A,SACS,CDC42,FMNL2,TRIO,ARHGAP21,ARHGAP10,MALT1,FAS,DSPP,CBLB,SLMAP,SCN11A,SLC38A1,ITCH,CALM2,UNC80,AKT3,THEM4"
3,147,36,DNA metabolic process (GO:0006259),"POLE2,ORC6,ORC2,STAG2,RIF1,ERCC1,ORC3,POLK,REV1,BRIP1,TOPBP1,BARD1,GOLT1B,INTS13,PALB2,TIPIN,MCM4,POLD3,LHX4,POLQ,RAD18,ERCC8,MSH3,SLF1,NBN,DBF4,PMS2CL,FANCM,ZRANB3,ESCO1,ETAA1,SHPRH,ATM,NIPBL,UBA2,NSMCE2,FANCD2,SLX4,SPRTN,ORC5,WRN,WAPL,RNF169,ZNF597,PDS5A,APLF,INTS6,ERCC4,CLSPN,ATAD5,PRKDC,PDS5B,PTGDR,MCM9,SUMO4,ITFG1,RNF168,DSCC1,MRE11,SENP5,USP45,SLX4IP,RAD54B,RAD51C,TDP1,ABRAXAS2,MCPH1,USP1,ATR,MAK,BLM,MLH3,POT1,PRIM1,DNA2,HELB,RAD52,REV3L,SHLD2,SMARCAD1,ZNF93,XRCC2,WDHD1,RFWD3,SMC3,SMC5,DCLRE1A,EXO1,INTS7,POU2F1,SFR1,SLF2,RPA4,ATRX,INIP,LIG3,RAD50,MCM8,POLA1,RFC3,BRCA2,HSF2BP,GEN1,RFC1,RFX3,TP53BP1,SCAI,STAG1,XRCC5,SUMO1,EME1,HELLS,ZBTB24,SENP7,RBBP8,KLHL15,CDCA7L,CHEK1,CDC7,SENP1,THAP5,SENP6,NABP1,SMC6,NAALADL2,PMS1,FIGNL1,INTS2,RECQL,BRCA1,MMS22L,RAD51B,PRIMPOL,XRCC4,RAD17,INTS8,EMSY,POLN,EID3,PIAS1,ORC4,POLI,PIAS2,PRIM2,INTS6L,ZDBF2,FANCB"
4,191,44,mRNA processing (GO:0006397),"FAM107B,AGO2,NUFIP2,SETX,PAPOLG,COIL,ZC3HAV1,SRSF6,RBM39,LSM8,SNRPA1,AQR,THOC2,TUT4,YTHDC2,IGF2BP3,TGS1,LRPPRC,PPWD1,THOC1,SNRNP40,DNAJC8,FASTKD3,XRN1,CCAR1,SDE2,CWF19L2,GEMIN6,GEMIN5,TCERG1,PHAX,VIRMA,PCF11,CPSF2,NUDT21,LSM3,ZCCHC4,RAMAC,PCSK1,GEMIN2,PRPF3,RBBP6,MAGOHB,PDE12,CNOT1,PRMT3,MBNL1,PURA,SREK1,PIWIL4,SF3B1,ZCRB1,FIP1L1,PRPF4B,SARNP,MTDH,SNRNP48,CAPRIN1,HNRNPA1,RBM5,PRRC2C,TDRD6,DDX21,PRPF39,UPF2,HIPK3,HNRNPH1,FXR1,MAP1B,WTAP,G3BP2,QKI,TSNAX,NUCKS1,DHX9,RC3H1,L3MBTL3,CDC40,ASCC3,CMTR2,RNGTT,BCAS2,SYNCRIP,PAIP1,DDX20,UBE3D,RBM15,PTBP2,HFM1,FMR1,RBMX,FUBP1,MBNL3,ZRANB2,SRSF11,NKTR,CDC5L,RBM41,SF3A3,AGO3,AGO4,RC3H2,SRPK1,SHOC1,HNRNPR,ZFR,MBNL2,ERI2,XRN2,PRPF18,WBP4,KIN,CWC27,TRIM71,METTL14,NCBP3,DCP2,GON4L,ANKRD44,PPP6R3,G3BP1,MATR3,TNRC6A,ANKRD28,ARGLU1,PAPOLB,POP1,FASTKD2,PRPF40A,ZC3H6,GPATCH11,GIGYF2,SNRPG,CLK1,CLK4,IK,TENT4B,ALKBH8,CNOT10,OBI1,SNRPE,ERN1,ECD,EAPP,TNRC6B,MTO1,SMG1,LSM5,RBFOX2,SCAF8,PTBP3,PATL2,U2SURP,CDKAL1,ADAMTS9,FTO,SRSF10,PLRG1,ZGRF1,CNOT6L,EIF4E,ZBTB38,RNPC3,BCLAF1,CELF1,TIAM2,DICER1,TDRD3,PRORP,FSIP1,CXorf56,SLIRP,HNRNPC,ELAVL2,USP10,HELZ,RNMT,SNX25,SUGP2,CPEB1,CWC25,DDX6,SPIRE1,FMN1,CSDE1,CNOT9,ZC3H11A,PNISR,TTC14,PNRC2,B3GALNT1"
5,200,45,regulation of transcription by RNA polymerase II (GO:0006357),"NAMPT,NUDT12,ATP6V1B1,WDR7,RARS1,NARS1,NT5E,ADAT2,RRM2B,TPH1,HTR2B,AASDH,AARS1,STS,ANOS1,EIF2AK4,SLC30A4,SLC30A9,SORD,GNPNAT1,UAP1,NPAT,ACAT1,AASDHPPT,DLAT,DIP2C,NARS2,FARSB,OLA1,GPAM,GNPDA2,NUBPL,NDUFAF2,AGL,PGM2L1,NANP,ATAD2B,GPD2,DGKE,TMOD3,CGNL1,PDP2,ADAT1,LCLAT1,PDE7B,UGT2A3,CYP4A11,SLC28A2,L2HGDH,GLS,PPAT,GCSH,DMGDH,PLA2G12A,LYPLA1,LDHAL6B,ME2,PPM1A,CYP2U1,USP16,SLC39A9,PLEKHD1,DGKH,ACSL4,RBBP9,RSC1A1,FGD6,ATP7A,COX6A1,GFPT1,ACSL3,SLC30A7,ENTPD4,TMEM126B,RAB3GAP2,NT5C1B,CNST,MTR,ABCB7,ABCB10,LPGAT1,SLC30A1,HSD11B1,HIVEP2,CYP46A1,SOAT1,NME7,MNS1,UCK2,LHCGR,HSF2,OAT,ASNSD1,QRSL1,C17orf80,ATP5MD,CTH,MOCOS,EFHC1,FGGY,CYP4A22,VDAC2,UGT1A4,UGT1A5,CLIC2,CLIC4,AOX1,SDHD,IARS1,ISCA1,PSAT1,CEP78,OLAH,GPCPD1,SLC30A6,EEF1E1,KATNAL1,GLIPR1,GART,PI15,CRISPLD1,HSD17B12,HACD2,PDC,NCOA7,PDE8B,MTHFD2,ASNS,LARS1,PDE8A,SLC39A8,ADH6,AK4,MTHFD2L,NDUFAF6,PDP1,CYP19A1,GNE,BLOC1S5,HMGCLL1,PAICS,AZIN1,SMS,SLC39A10,TARS1,CCDC173,NDUFS1,MAP3K4,DIXDC1,DHFR,LPIN1,RGS7,SATB2,SOX5,GK,MTRR,TRIB3,ATP13A3,PHACTR2,NDUFA5,DDI2,GK5,SUCLG2,CDS2,NUDT16,CHAC2,GPX8,PGM3,ATP6V1C1,UQCRB,DMXL1,DMXL2,BCAT1,ADK,GATC,MGAM,GANC,APIP,GLIPR1L2,GALK2,TRIM69,SLC25A24,RALGPS2,RGSL1,ACSBG2,GJC1,CASP8AP2,ACACA,HLCS,NDUFB1,CHAC1,MTAP,MCTS2P,ABCC2,DARS2,ABCG2,PDK3,CYP3A4,AK2,ETNK1"
6,212,54,regulation of transcription by RNA polymerase II (GO:0006357),"SALL4,NANOG,CRY1,VRK1,H4C6,CBX5,H1-3,H1-1,CDK7,CDK13,POU5F1,MNAT1,RORA,ICE2,CCNT1,KMT2C,CCNT2,RBBP5,MGA,AFF4,GTF2H1,TBPL1,BTAF1,ARNTL2,AHR,NCOR1,BACH2,CENPC,SETD7,GTF2H2,MED21,MED13L,SMARCA5,ATAD2,H2BC5,ZNF281,ATXN7,ICE1,LEO1,H2AC8,BPTF,H1-4,NR1D2,RSF1,REST,PPARGC1B,SUZ12,H2BC4,NRIP1,H2AC14,PHF6,H1-5,BRWD1,H2AC20,H2AC21,NR2C1,H3C13,PYGO1,KDM4D,ARID2,CENPQ,SPTY2D1,H1-2,GTF2F2,H2AC7,H1-6,BAZ1B,POLR2K,POLR2M,SETDB2,THRAP3,SUV39H2,H4C11,ERCC6,H2BC7,H2BC12,ZMYM6,TRIM33,SNAPC1,H2AC11,H3C12,H2AC17,TAF13,H2AW,H3-4,CDC73,TADA1,MED23,BCCIP,H2BC21,H3C14,H3C10,TAF5,MTF2,CGAS,GTF2B,ZZZ3,ITGB3BP,SMARCA1,SUPT3H,NCOA3,HEATR6,PHF7,TCEAL1,SIX4,EYA3,H2BC13,H2AC12,H2BC10,H4C2,H3C4,H2AC6,H4C3,KDM6A,TAF2,NUFIP1,ZNHIT6,USP3,TAF9,CENPO,POLR2B,GREB1,CDK8,BAZ1A,ASH1L,BAZ2B,ZNF214,ZNF215,CENPN,CHD2,USP49,BRD7,ELP4,IMMP1L,GTF2A2,MED13,JMJD1C,REEP3,KDM5A,MORC3,ARNTL,IMMP2L,DCDC1,ZC3H8,PBRM1,SETD2,CHD7,NSD1,CHD9,CDK12,NCOA2,TBL1XR1,TAF1,HDAC9,MED12L,SUPT20H,DNAJC24,DPH6,NR6A1,GTF2H2C,USP51,UVSSA,CLOCK,TCEA1,CCNC,KMT2A,TASP1,ATF7IP,H4-16,GTF2H3,H2BC8,H2BC18,ZBTB33,GTF2A1,H4C14,H2BC11,CDYL2,H2BC17,H2BC14,H4C1,H2BC9,H2BU1,H4C4,UHRF1,H4C12,H3C1,H4C13,H4C9,H2AC15,H2AC16,H2BC3,NR2C2,H3C11,CHD1,CHD6,H2AC4,H2BC15,H3C7,H3C8,H3C3,H4C5,FOXP1,H3C2,H4C8,H3C6,H2BC6,LCOR,CHD8,SPECC1L,PRR14L,INO80,CCNH"
7,30,10,regulation of transcription by RNA polymerase II (GO:0006357),"BOD1L1,HCFC2,EPC1,EPC2,ATF2,ARID4B,MORF4L1,SINHCAF,LIN9,LIN54,ARID4A,TET1,RBL1,OGT,FOXK1,EOGT,TDG,ASXL2,ZNF462,MBD5,MORF4L2,E2F5,TFDP2,MYBL1,EID1,CREBZF,TET2,CXXC4,LIN52,MBTD1"
8,5,2,regulation of lipid metabolic process (GO:0019216),"NFYB,SPDYA,SLC36A3,LRRD1,TERB1"
9,157,35,cilium assembly (GO:0060271),"HSPB11,IFT81,TTC21B,BBS9,BBS2,CRX,PDE6A,IMPG2,C2orf49,RTRAF,PHF3,RPE65,PKD2,INVS,DYNC1LI2,CAPZA1,BBS7,AHI1,BBS4,CEP135,WDPCP,AP1AR,KIAA1328,TTBK2,SCLT1,ADAMTSL3,SASS6,BBS5,SPICE1,LZTFL1,RP9,CEP120,KCTD3,USH2A,CDH23,IFT80,TRIM59,TMEM107,WDR35,CEP295,PIBF1,MIB1,ZMYM4,POC1B,IFT88,PCM1,CSPP1,HOOK3,FAM110C,TRAPPC8,TRAPPC6B,MIPOL1,SLC25A21,INTU,TMEM212,C2CD3,TRAPPC11,NPHP3,SSX2IP,TCTEX1D4,CEP97,OFD1,KIAA0586,DYNC1H1,TUBB1,TBC1D8B,TMC2,TOPORS,ASTN2,KIAA0753,SDCCAG8,ERMARD,FGFR1OP,CEP350,CEP170,TUBE1,FAM160B1,EYS,LRRC40,XPNPEP3,XPNPEP2,MEP1A,ARFGEF1,ARFGEF2,CNTRL,TRPM3,HAUS6,HAUS3,CNTLN,CEP152,CEP57,CCP110,CENPJ,NIN,LCA5,AP1G1,SPATA7,ARL13B,CCDC66,DYNC1I2,CEP250,ANKS4B,CDHR5,TCTN1,CEP83,FAM149B1,TBC1D32,WDR19,WDR60,FAM161A,KIF3A,CPLANE1,TMEM67,NEK10,SLC4A7,BEST1,ODF2,CC2D2A,C11orf74,IFT74,POC5,FAM160A1,HYLS1,DCTN4,RAB23,ARL6,CCDC14,TBC1D31,CCDC18,CDHR2,NEK1,CEP192,BBIP1,EVI5,C12orf45,CEP290,CEP162,CEP128,NEDD1,DYNC2LI1,FRK,BNIP2,RPAP2,KIZ,ZMYM2,TUBGCP5,TTC8,C8orf37,FAM228B,ALMS1,RTTN,RPGRIP1L,NEK4,SLC26A4,RPGR,DYNC2H1,BBS10"
10,121,29,protein transport (GO:0015031),"APOB,COPB1,NUDCD1,LMAN1,RINT1,COG3,GOLGA5,MAN2A1,ZFYVE26,TTC19,SPG11,RBSN,PEX1,TRIM37,VAMP7,EHBP1,ALS2,SEC22C,USO1,RAB27B,EXPH5,TRIP11,VPS54,RAB2A,NBAS,WASHC2A,SLC26A2,APPL1,AGPS,PEX13,COG5,DUS4L,VPS35,PEX11A,GPR22,SPRY3,SNX7,STX8,RAB33B,SEC23A,VPS50,GCC2,RAB9B,VPS41,CCZ1B,EEA1,WASHC5,SYTL2,STXBP5,SLC2A2,NAPG,COPB2,RAB8B,MIA3,RABGGTB,PTAR1,FAR1,MAN1A2,GOLGA4,CHM,SYNE3,SYNE2,FUT8,MGAT5,KIAA0754,MACF1,TANGO6,CHML,ACBD3,SYNE1,PEX3,BLZF1,SEC23IP,RAB11FIP2,ANGPTL3,SAR1A,TXLNG,STX2,VTI1A,DOP1A,MON2,GOLGB1,GOLGA8B,GAPVD1,FAM91A1,TBC1D23,STEAP2,A1CF,APOF,SEC24A,MYO5A,SCFD2,SAR1B,MCFD2,SCFD1,G2E3,COG6,TBC1D5,TMED7,TSGA13,GOLIM4,FBXL2,PEX5L,ANKRD50,MTTP,SEC24B,LPXN,RAB30,FAR2,RABEP1,STX10,ANGPTL8,SNX12,WASHC4,VPS8,MIA2,FAM71F2,PTP4A2,ANKAR,TMF1,SNX6"
11,5,5,N-terminal protein amino acid acetylation (GO:0006474),"NAA15,NAA25,NAA35,NAA16,NAA30"
12,86,18,cellular protein modification process (GO:0006464),"USPL1,ECPAS,PSMC1,PSMA6,DESI1,SKP2,VHL,KLHL8,SPOPL,USP12,VBP1,ATE1,UBR1,MARCHF6,APPBP2,ZYG11B,UBXN7,DCUN1D1,SPATA5,ACAD11,BTBD1,COPS2,DESI2,VCPIP1,YOD1,ZNF569,KLHDC10,SENP8,SLC12A2,WNK1,MKLN1,COPS8,MARCHF4,UBE2H,ZNF44,WSB1,NAE1,UBA3,UCHL5,ZUP1,USP17L2,OTUD6B,AFG1L,GLMN,USP33,PFDN4,STAMBPL1,UBR2,BRWD3,PHIP,DDX50,UBR4,DCAF17,UCHL3,UFM1,UFL1,KLHL42,TRIP12,CUL5,SOCS5,KLHDC1,TULP4,SOCS6,USP34,UBXN2B,CUL4B,INO80D,PSME4,UBE4A,DCUN1D4,KBTBD8,CUL2,DCUN1D2,MYSM1,ARMC8,KLHL2,MARCHF1,UBR5,SOCS4,ELOC,ZNF501,PSMC6,ATXN3,GAN,UBE2W,SOCS7"
13,54,16,protein import into nucleus (GO:0006606),"XPO4,NUP155,NUP133,IPO5,CSE1L,FDXACB1,RANBP2,ZC3H14,MSI2,NUP205,NUP35,NUP98,MLLT10,XPOT,WDR11,FKTN,POMK,KPNA4,TNPO1,RGPD5,PIGL,NUP43,NUP50,AHCTF1,B3GALNT2,TPR,KPNA5,C1QL3,ADGRB3,PIGK,NDC1,DPM1,BTF3L4,SET,IPO7,PIGA,NUP58,ALG13,TMEM209,FBXO22,BACH1,XPO1,RGPD6,CRPPA,IPO11,LRRC70,RANBP1,CETN3,ENY2,ALG11,NUP153,NUP88,ALG9,SETBP1"
14,23,5,axonemal dynein complex assembly (GO:0070286),"PIH1D2,DNAH5,WDR63,DNHD1,CFAP70,DNAH7,GCFC2,DNAAF4,CFAP43,WDR78,DCDC2,SPAG1,CFAP69,DNAH6,ARMC2,CFAP44,CCDC40,DRC3,DNAH14,DNAH1,CCDC39,DNAL1,SEPSECS"
15,7,2,regulation of transcription by RNA polymerase II (GO:0006357),"ARID5B,C16orf87,ZNF292,ZNF644,MIER3,CDYL,MIER1"
,,,,
,,,,
HNSCC,,,,
Community,Nodes,Hubs,Top GO Term,Nodes
0,270,72,cytokine-mediated signaling pathway (GO:0019221),"CD4,LCP2,ICAM3,TBX21,LAG3,MIF,IL2RB,GZMH,GZMB,CCL22,CX3CL1,CCL17,TGFB1,TNFRSF17,CD79A,NKG7,PIK3R2,BLNK,CCL2,CCL13,CD38,IL10RA,KLRB1,HLA-DOA,GZMK,CSK,KLRK1,HCST,CCR7,KLF2,CD68,NECTIN2,CRTAM,SORBS3,SAFB2,LGALS3,BLK,IL1RN,CCL27,HLA-F,CLEC2D,SELPLG,VWF,TNFRSF13B,TYROBP,ITGAE,TNFRSF8,NECTIN1,GZMM,ZAP70,SIT1,CD27,ITGB7,LAMA5,GLIS2,BCAM,ACKR3,GZMA,DOK2,CD96,GRAP,THY1,CSF1R,CD1A,FCER1G,MS4A2,NCR1,CXCR5,CCR5,CXCL16,TNFSF12-TNFSF13,TRAT1,TRIM7,ITGB5,IL12B,CLEC4E,MMP3,CD3D,LTBP3,CCL11,IL16,MZB1,SIRPG,CXCL10,CXCL11,CD34,XCR1,CTSW,LTBP4,HAVCR2,CD7,SECTM1,FCER2,CD19,LGALS9B,PVRIG,UBASH3A,FUT7,ICOS,CD6,SLC15A3,KIR3DL2,RORC,IL3RA,TNFRSF18,NRROS,SIVA1,LGALS9C,CD8B,CD86,SNX20,CCR10,CCR4,LAMP1,BTLA,PDCD1,CXCL14,IL21R,SKAP1,GRAP2,HLA-DQA1,ICOSLG,KIR2DL4,PIK3AP1,STAT5A,NCR3,CD5,TNFSF13,MYBPH,OCA2,TNFRSF14,GYPC,ICAM5,ITGAL,DOK3,PAX5,CX3CR1,NAALADL1,FCGR2B,HLA-DRB1,CD300A,TLR9,SIGLEC14,CD3E,FCRL5,CD247,CXCL9,HLX,CR2,RAET1L,FASLG,XCL2,FCRLA,FCGR3A,NECTIN4,F11R,CD244,SLAMF7,SLAMF6,LY9,ACKR1,CD1E,CD1B,CD1C,FCRL3,CTSS,CD2,CD40LG,SH2D1A,CD40,TREM2,ENG,SRC,CXCR3,FGR,IL2RG,C1QA,HLA-DMA,HLA-DQA2,HLA-DQB1,HLA-DRB5,SYK,HCK,AIF1,LST1,FOXP3,HLA-C,HLA-E,HLA-G,TNFRSF4,CD180,LY86,IL2RA,SDC1,SIRPB1,RHOH,GRB2,CD79B,POU2AF1,PDZD4,CCL26,VSIR,HLA-DRA,LAT,LGALS9,HLA-A,TAPBPL,IL15RA,ITGB2,PIP4P1,LAT2,PARP3,RUNX3,CSF2RB,IFI30,CD207,CD8A,CXCR4,ACAN,ZNF683,PTPN6,HLA-DPA1,CXCR6,HLA-DQB2,PRF1,ITK,HLA-DMB,HLA-B,LTA,LGALS2,TAPBP,HLA-DPB1,ACKR2,DBNL,TIGIT,CD200,CST7,DCANP1,DMTN,IDO1,CD3G,MS4A1,GNLY,KLRC1,SLAMF1,JCHAIN,TCL1A,ITGA7,PECAM1,MMP12,CD300LF,MAP4K1,IL12RB1,CXCL17,LCK,CCL3,SIRPA,PIK3R6,PRAG1,CCL4,CCL4L1,BTK,CD48,PRKCB,CTLA4,TRIM16,CD53,TSPAN31,SELL,SPN"
1,94,26,protein transport (GO:0015031),"ARF5,ACAP1,STX1B,YKT6,PLEK,BST2,PLVAP,ARF3,RAB11FIP3,PLEKHA4,NAPA,VAMP8,USE1,GPR108,SCAMP2,FERMT3,LILRA4,GET4,RNF126,STX5,GORASP2,CAMLG,ARF6,PSD4,CYTH4,PDLIM4,JAM3,TRAPPC6A,TRAPPC1,TSNARE1,CPLX1,VAMP5,RAB1B,ARHGAP1,ARFGAP1,STX4,BLOC1S4,RAB11B,RASGRP2,DTNBP1,VPS51,RABAC1,YIF1B,AP1B1,RAB25,STX11,UNC13D,S100A10,TIE1,STXBP1,MLF2,CROCC,BAG6,APBB1IP,YIF1A,RTN2,REEP2,REEP5,REEP6,VPS16,GGA1,BET1L,TRAPPC9,RGS19,IRF9,BICDL1,RAB1A,AP1M1,CYTH1,CYTIP,BLOC1S3,C19ORF25,DUSP22,NAPRT,ISOC2,AP4M1,STXBP2,FBLIM1,VAMP2,SYPL1,CDKN2A,ARFGAP2,ARF1,PRAF2,RAD23A,COPE,IQSEC1,OPLAH,BAG1,CYTH2,MYO3A,ESPN,MYO1C,ARHGAP9"
2,249,63,"regulation of transcription, DNA-templated (GO:0006355)","TNFRSF1A,MAPK13,TAB1,RIPK3,CEBPE,STUB1,PPP2R5B,PPP2CB,BCL3,RELB,TSC2,GSK3A,HDAC7,HDAC10,HDAC5,SPI1,KISS1R,TNFSF10,PLIN3,LIPE,IRF1,FOSB,EGR1,CDC25B,DBP,NR1D1,TRAF2,TICAM1,HSPB1,HSPB6,JUND,BHLHE40,LMO2,PPP1R1A,DAB2IP,SMAD7,PKMYT1,TRAF4,MAP2K2,TCF3,MAPK3,ACP5,LYL1,SRF,DAXX,PML,IRF8,CBFA2T3,IL22RA1,MEF2D,LAMTOR1,PPP4C,HSPB8,SDF2L1,BATF,SMAD6,NCF1,ARAF,MLYCD,TNFSF12,WDR24,MAP4K2,IL17RC,IL22RA2,TERF2,NAB2,NOD2,SOST,BATF2,HSPB2,UBTF,JUNB,HSPB3,FASN,CEBPB,SYNPO2,FOS,IRF2BPL,IRF2BP1,RPS6KB2,PTPN7,PRKACA,SLC8A2,RASGRP1,RASA4,MAP2K5,MAPK7,ELMO1,NFKBIB,PER1,IL20RA,EGR3,CDK5R1,MAZ,TRAF7,TNIP2,RFX1,FOXJ1,ULK1,PPP2R1A,STK11,PPP2R2A,ZFPM1,ACP7,INTS5,KDELR1,MAPK8IP2,MAP3K10,PRKCD,IKZF1,ASCL2,SMAD3,MAPK11,RPS6KA4,ARHGEF1,PNPLA2,DNAJB2,LMO1,SFN,KIAA0930,TRADD,LAMTOR4,MAP2K3,NHLRC1,GATA2,TAP1,RBCK1,TNFRSF10C,RASSF1,MAFG,HAND2,RTEL1,ANKS1A,CDK2AP1,ZNF219,MAPKAPK2,ZFP36L2,LMNA,LAMTOR2,CRTC2,BAG3,PRDM1,NFKB2,TLX1,GBP2,FRAT1,ZBP1,JUN,PYCARD,CARD9,MAFB,HDAC1,FOXO4,ID3,HSPB7,TNFRSF1B,ELK1,CTNNBIP1,TNFRSF25,SKI,PRKCZ,BMP2,CTF1,PIR,RRAGA,PPP2R2C,ACVRL1,BORCS6,PPP2R3B,AKT1S1,STRN4,AKT2,PTPA,IRF2,PPP2R2B,NUP210,POM121,BMP7,ZNF384,NCF4,DUSP8,IRF7,MAP2K7,PPME1,SHARPIN,KSR1,LCMT1,CRELD2,NCOR2,RELA,ESRRA,CD14,RRAD,NFATC1,PRKD2,BAHD1,PRKAG3,RANGAP1,MEF2B,ARRB2,GRK7,VGLL4,HRAS,LTB,MBD3,PPP6R1,TICAM2,SPATA2,DUSP7,IRF5,RXRA,CDK5,MIB2,CEBPA,HSF1,GSDMD,CRYAB,H2AX,BCORL1,NR4A1,PRKAB1,PRR14,ACVR1B,DAPK3,EVI5L,HOPX,AKT1,GIGYF1,ZNF598,KCTD13,IER2,MPPE1,SARM1,NUP62,ZFP36,IRF3,SPIB,TBC1D7,CRY2,OSCAR,POM121C,CREB3L1,MAP3K14,NPRL3,IKBKG,CIITA,TBL1X,MYD88,MANF"
3,106,27,mRNA processing (GO:0006397),"GRN,PABPN1,HNRNPL,SF3A1,SF3A2,PRPF19,USB1,SRSF9,TARDBP,SNRPA,SYMPK,YBX3,RALY,FUS,DDX39A,ZC3H3,RBM42,CCDC92,PSMD3,HNRNPH3,CCDC97,SMG6,SMG9,PRCC,SF3B4,ARMC7,RALB,ISY1,DNAJC5B,PPRC1,PABPC3,LSM11,EGLN3,AKIRIN2,PSMB4,EMC7,SSU72,U2AF1,CPSF4,RAC3,PCBP1,SART1,PSMC5,RBM14,NEFH,HNRNPD,KHDRBS1,TFE3,HNRNPA0,OS9,LSM10,GEMIN7,HNRNPM,THOC6,HMG20B,EMC10,HDHD5,UBQLN2,HNRNPA2B1,LUC7L2,PTBP1,XAB2,PSMB10,VCP,TCF25,PCBP2,SF3B5,UBQLN4,CHTOP,PSMA7,RALGDS,SRSF4,PSMB9,PSMB8,SF1,C19ORF54,CA12,CA9,PSME1,HNRNPUL1,PNLDC1,EMC6,DQX1,INTS1,CCDC9,PYM1,POLDIP3,WDR83,EMC9,SNRNP35,SNRPB,CACTIN,PRKRIP1,SMG7,PUF60,CHERP,LSM4,EGLN2,UPF1,MPND,SNRNP70,TAF15,SRRM3,CPSF1,EIF4A3,PQBP1"
4,67,14,transmembrane receptor protein tyrosine kinase signaling pathway (GO:0007169),"RTN4R,NGFR,SLC25A1,ARHGDIG,NCK2,RHOV,EFNB1,IGFBP2,MIIP,ESS2,DGCR2,DGCR6L,HIRA,ERBB2,PTPN18,NGEF,EPHA1,NTRK2,ESAM,GATD3A,FGFR4,VEGFD,GFRA3,NRTN,VEGFB,ZHX2,BAIAP2,WIPF2,SH2B1,PDGFB,GNB1L,DGCR6,TBX1,EPHB3,RHOG,FGFR3,LINGO1,GFRA1,EPHB4,EPHA2,PLXNB1,EFNA1,EFNA3,TACSTD2,PAK5,GIT1,MATK,CLDN3,EPHB1,KIAA1522,ZDHHC8,CLDN5,IGF2,IGFBP4,CLDN4,EFNA4,MUC4,SH2B2,PGF,PAK6,MIEN1,ARHGDIA,PAK4,ADORA2A,FGF1,EPHB6,NDN"
5,109,23,protein transport (GO:0015031),"UQCRC1,ATP5F1D,GABARAPL2,TBC1D17,FIS1,SLC25A11,NDUFS7,STBD1,PEX11G,PEX16,TRIR,CLPP,PHPT1,NDUFA2,KDM6B,RMDN3,ATP5F1B,BLVRB,NDUFS3,ATP6V0A1,CCDC115,MGLL,TCIRG1,MUL1,TMEM115,ECSIT,ATP6V1C2,NDUFB11,ATP6V1B2,ATP5MC3,VAC14,NAAA,HIGD2A,COX6A2,ATP6V0D1,COX7A1,DAGLB,LIPC,SLC25A23,PEX6,GABARAP,ATG4D,COX5A,PPP1R3F,GYS1,SLC25A41,ROGDI,NDUFAF3,MAP1S,COX14,MDH2,ATP6V0C,TMEM186,ATG101,MTSS2,PTGES2,PEX14,MARCHF5,CES1,R3HDM4,SDHC,TMEM127,NDUFS2,LHPP,PEX11B,ATP6AP1,GABRA3,PMPCA,SURF1,AKR1A1,TMEM254,TP53INP2,MAP1LC3A,PINK1,KDM5C,COX4I2,ABHD12,TBC1D25,RAB33A,ATG2A,IFNGR2,DNM2,SH3GL1,ATP5MC1,NDUFA4L2,DNAJC30,ATG4B,ATG9A,CTU1,BCAP31,HTATIP2,TEX264,ATP6V0E2,ABHD4,KCNIP1,ATP6V1F,NDUFB2,ATP6V0B,TIMM50,COX4I1,ATPAF1,CAPN15,CAPNS1,WBP1,WBP2,UQCRHL,GPR55,ATP5MC2,URM1"
6,134,33,translation (GO:0006412),"CD74,HSCB,ACO2,GTPBP1,EXOSC5,FBL,TMEM147,MICALL1,FANCE,BYSL,EIF1B,DHPS,SEC61A1,TMEM214,NCLN,NOP53,DDX49,EIF3K,MRPL34,MRPS34,PPAN,GRWD1,ERAL1,HSPBP1,RSAD1,IMP4,PEBP1,CSNK1A1,RPL8,EDF1,EEFSEC,EXOSC7,RPL3L,NOB1,RPS3,HBA2,OXA1L,EIF5B,APMAP,MCAT,TP53I13,DUS1L,MRPL4,QARS1,MRPL38,NSUN5,CSNK1G2,MRPL57,DHX37,SRP68,GRK2,TSFM,EXOSC4,GTPBP6,SSR4,HGH1,RRS1,MTG1,IMP3,SRPRA,GLRX5,NOC4L,DDX28,MRPL12,EIF5A,AURKAIP1,RPS21,RPL3,RPLP1,GTPBP3,GAGE2B,GAGE2A,UBL4A,SLC10A3,SUFU,TUSC2,MRPL41,MRPS2,MRPL14,EIF6,TSR2,TSR3,NINJ1,GNL1,SYVN1,LRRC47,RPS16,MRPS26,EIF3CL,SELENOO,NPSR1,MRPL2,FAM83H,FAM83G,RPS9,LGMN,HDDC3,RPS29,MRPL23,WDR4,CSNK1D,NOMO3,FAAP20,GAGE12D,MRPS12,FREM2,NPNT,BUD23,COPG2,MRPL55,GAGE12J,ABCF3,GAGE4,HELZ2,SEPHS2,EIF1,NACA2,EIF5AL1,FAU,RPL18,RPL28,TBL3,FLT3LG,EMG1,RPS19,CCDC124,SARS2,FBLL1,WDR18,EHD1,GAGE1,GAGE2D,KRI1,PC"
7,89,22,phosphatidylinositol biosynthetic process (GO:0006661),"PYGM,PIGQ,CDIPT,ATP12A,ATP1B2,GUCA1A,CNGB1,GUCY2D,PLCB2,ITPKA,P2RX1,GRIN2D,ITPKC,SLC9A1,OLFM2,ABCB6,IMPA2,ASGR1,ROM1,PIGT,PGAP2,ATP1B3,CNN1,CALM3,CAMK1,WDR90,ABCB8,PGAP3,PIGS,MAP3K11,CNIH2,ASPHD1,CALML3,CABP1,ZNF513,WFS1,OPA3,P2RY13,DPM2,P2RY11,PKD2L1,PDE6G,INPP5J,TESC,UNC119,ISYNA1,ABCA2,GPAA1,ATP1A2,LMOD1,GFER,QSOX1,ATP1B1,FXYD7,SEMA4A,BNIPL,GRIN1,PIM1,MTMR8,ATF6B,PIGO,ITPA,CALML5,CAMKK1,CLCN7,GJB2,DIAPH1,INPP1,CNGA1,MARK2,ITPKB,PIGZ,INPP5K,PDE6B,PLCD1,CAPN1,ATP1A3,ATP1A1,FIZ1,NRL,PHKG2,GCDH,FXYD3,P2RY6,FXYD1,AMY2A,IP6K1,CDHR1,CALM1"
8,227,62,regulation of transcription by RNA polymerase II (GO:0006357),"OTUD5,USP11,BRF2,SNAPC2,KAT2A,MPG,UNG,SIRT2,PAF1,MLLT1,CDC34,UBE2M,RPA1,KDM4B,MED10,GTF2H4,RNF39,USP2,PDRG1,PIH1D1,TELO2,MEGF8,MGRN1,INO80B,SRCAP,ELL,XRCC1,MED15,UBE2R2,LIG1,TRIM28,BRD4,PPP1R12C,BST1,UBE2B,USP4,PATZ1,TP53,SETD1A,PPIF,GADD45G,CDKN2C,PPP1R13B,BCL2L2,MAD2L2,CDCA5,MAU2,NEIL2,TRIM11,CTAG2,MAGEC1,GRHL3,ZNF750,BTG2,CTBP1,S100A1,BAX,POLR3K,TAF6L,HDAC11,DEFB1,PPP1R7,PPP1R16B,CDT1,PPP1R14A,PELP1,E4F1,HEXIM2,BTBD2,COPS6,BRD3,OTUD7A,PWWP2B,TADA2B,MEPCE,BIN3,CBX7,CBX2,RMI2,RIN3,RIN1,KMT5C,BRSK1,CCAR2,RAD9A,POLD4,NFYC,CASP2,TAF7,USP20,ANAPC2,BIN1,ARID1A,PNKP,MED16,PPP1CA,C20ORF27,PAGR1,MED25,ATAT1,HEXIM1,TOP1MT,SIRT7,ZNRD1,CTAG1B,UBA7,FAAP100,BSG,MEN1,AIP,SIRT6,PIDD1,UBA1,ZNF385A,NELFB,H3-5,DNMT3L,ASH2L,TCEA2,SMARCA4,H1-0,E2F1,BMF,POLR3H,MAGEA1,ADAM15,ANAPC11,SMC1B,DENND2D,CNOT3,WDR5,RAB5B,PPP1R13L,MAGEC2,E2F2,UFC1,PFDN2,S100A11,S100A16,S100A4,S100A6,POLL,SLC25A5,DMAP1,TCEAL2,CDK9,BAK1,PHF1,RING1,KLF4,APEX2,CSNK2B,ANXA1,UBD,KDM2B,KLF5,TP73,PCNA,RGCC,SLC25A6,SIRT3,CCNK,LHX5,ERCC2,RAD9B,PRIMA1,BCL2L11,SIPA1,BAD,FZR1,EHMT2,BICRA,RASSF7,CTDSP1,CTDSP2,DOT1L,APOBEC3A,PRR5,CDKN1A,TFAP4,OBSL1,CXXC1,INO80C,CHFR,ATF5,EIF2AK1,ATXN7L3,KMT2B,POLG,TAF6,BBC3,NDRG1,KAT8,SLC2A1,BRD9,POLE4,TP53AIP1,BANF1,TNKS1BP1,OTUB1,SCO2,NELFA,BRF1,TRIAP1,BCL2L10,INO80E,POLR2A,ASB6,CD3EAP,CCDC106,FAAP24,SUPT5H,POLD1,SETD1B,ZNF282,POLR2E,AIFM2,MLLT6,POLD2,MAGEA6,MED29,PCGF2,TSPAN33,CTDP1,ZNF746,BIN2,S100A2"
9,120,30,inorganic cation transmembrane transport (GO:0098662),"SNTA1,SGCG,CD82,GDF1,CERS4,SGCA,GNA15,S1PR4,CD81,TRPM4,LIN7B,APBA1,BTN3A3,MFGE8,SLC6A3,DRD4,RTKN,TAX1BP3,GNA12,RANGRF,SCN2B,ADRA2A,CERS3,KCNQ1,KCNE2,PTGER1,SCNN1G,CACNG1,CACNB3,NUDT9,GNB2,DEGS2,KCNMB1,KCNE3,TCAP,GNAI2,MMP15,ADORA3,MMP24,SPHK1,SGPP2,PHLDA2,SCN4B,CD151,CERS5,CD37,FKRP,ATP13A2,S1PR5,STAC3,PLPP2,BTNL9,SOCS3,TYRO3,TSSC4,GAS6,CACNA1H,ARHGEF25,CLASRP,PPFIA3,TENM4,ADGRL1,CAV3,CASKIN1,SCNN1B,PTPRF,LRFN3,UNC93B1,COMT,PNMT,CACNA1S,ADORA1,RGS1,IGSF8,LRRC26,OLFM1,KCNE5,POMT1,ERMAP,CNPY3,CYSLTR1,CACNA1F,FLOT1,MAOB,SCNN1D,ADRA1D,RNF167,SLC22A18,SDCBP2,GNG7,CD9,TSPAN9,GIPC1,DBH,FLOT2,CAMK2B,PTK2B,TRIP6,FKBP1A,ADRA2C,BCAR1,LPAR5,SCN4A,SCN1B,GNG4,AGTR1,TRPV4,CACNA2D3,ADCY5,LPAR2,PRAME,LTB4R2,FKBP11,ADGRG1,KCNJ12,SPHK2,KCNN1,ADRA2B,SOCS1,CAMK2A"
10,67,19,generation of neurons (GO:0048699),"DVL2,PARD6A,FZD10,DKK4,WNT6,DAZAP1,MSI1,NUMBL,HILPDA,WNT10A,EDAR,CELSR1,NOTCH3,DTX1,DLL4,LFNG,WNT2,ASCL1,CELSR2,WNT9A,WNT3A,FZD7,WNT4,WNT1,NKD2,WNT10B,FOXN1,KREMEN2,RFNG,INSM1,DVL3,DTX2,SOX2,WNT11,JAG2,KREMEN1,EDARADD,WNT7B,MESP2,PARD6G,FZD9,RAC1,FABP7,NRARP,CRB3,SCRIB,MFNG,VANGL2,APH1A,HEYL,LHX2,NKX2-2,HES5,CCDC88C,LLGL2,GPC3,TBX6,AP2M1,SFRP4,DAZAP2,DTX3,PSENEN,PRICKLE3,CSNK2A3,PTCRA,SRRT,NOTCH1"
11,91,22,phosphatidylcholine metabolic process (GO:0046470),"PLA2G3,PLA2G15,RETN,CTSG,APOE,PROC,F12,LYZ,LPCAT3,HIP1R,SLA2,PLD2,GPC1,TMEM175,DGKQ,PLA2G7,CFP,SERPING1,ACE,AGPAT3,MBOAT7,CDS1,CPA3,ACHE,FADS2,CLTB,EHD2,SLC2A4RG,LIME1,LEP,C1QB,GAK,APOL1,CHDH,SLC2A4,PGA3,CARM1,KLK4,PLA2G6,SERPINA12,TMEM189-UBE2V1,CAVIN1,TSKS,AP2A1,LRP10,COL18A1,TPPP,CHIT1,TMEM189,AGPAT2,C1QC,PLA2G2F,PLA2G2D,APOM,THBD,AGRN,VLDLR,JMJD7-PLA2G4B,LILRB4,AGPAT1,PLA2G4F,PLPP4,CST3,TFAP2C,KCTD1,PNPLA7,PLD3,ADIPOQ,PLPP5,C4A,FCN3,EPN1,SERPINA1,PLTP,RARRES2,PLD4,PAFAH1B3,APOC1,PEPD,TSSK6,APOC2,CFD,AP2S1,PLA2G4C,FCHO1,TMC4,NR1H3,LSR,FGA,NR1H2,TFAP2A"
12,3,1,proteolysis (GO:0006508),"TPSD1,TPSAB1,TPSB2"
13,38,11,adenylate cyclase-modulating G protein-coupled receptor signaling pathway (GO:0007188),"CEACAM6,CEACAM5,SCT,ADGRE5,RAMP3,RAMP2,RAMP1,NTS,GRP,VIPR2,SYP,SYNGR3,MCOLN1,NMU,CALB2,ADGRE1,VIPR1,KRT7,MCHR1,GALR2,GAST,SYNGR1,NPB,PARK7,TRPV2,TFEB,FCER1A,CLEC10A,GNAS,GPT,GCGR,POMC,PNPLA6,CCKBR,ADM,ENO2,ST6GALNAC2,MUC1"
14,17,8,organelle assembly (GO:0070925),"REXO1,ERF,CHMP4B,PTPN23,VPS37B,VPS37C,CC2D1A,MVB12A,HGS,SCAF1,VPS28,CHMP7,CHMP1A,TM9SF1,CHMP2A,CHMP4A,UBAP1"
15,59,15,phosphate-containing compound metabolic process (GO:0006796),"GCK,GALK1,CENPM,SPR,GCHFR,KHK,TDH,BCKDHA,ILVBL,SDS,PGLS,PGD,GALM,QDPR,RPIA,AKR1B1,FCSK,CBR1,PMM1,HK2,PFKL,NOS3,GID8,SPRYD3,MAEA,GMPPB,TXN2,MSRA,TALDO1,BCAT2,IDH2,SDSL,AKR1B10,SLC2A5,GALT,AKR1C3,G6PD,TKFC,BCKDK,ALDOC,CFAP410,TXNRD2,OGDH,AMDHD2,GPI,FBP1,MPST,PGAM4,RMND5B,PCBD2,HNF1A,TK1,IL4I1,RPEL1,PFKFB3,HK1,ALDOA,MRTFA,IVD"
16,80,21,neutrophil degranulation (GO:0043312),"NME3,AK1,TCN2,ARSA,NEU2,NT5C1A,CTSD,ATIC,IDUA,NAGLU,CLN6,SORT1,GGH,LGALS3BP,HYAL1,HAS1,GALNS,HPRT1,AMN,TPP1,ST14,SPINT2,CD320,GUSB,CANT1,SLC19A1,CTSF,MARK4,MZT2A,GGA2,LGALS7B,SGSH,TYMS,QTRT1,MYOM2,SH2D3C,NEU4,GAL3ST2,DCTPP1,CLN8,TMED9,TMED1,ADSS1,CDK10,SMPD1,HPN,SPINT1,DALRD3,CTSB,ENTPD2,SPINK5,DNAJC5,CYB5R3,PPT2,NTPCR,GUK1,MMP11,COL11A1,CTSA,FPGS,MTHFR,APRT,LGALS7,HGSNAT,PDE4A,DUT,NT5M,NME1-NME2,PSAP,TYMP,ADA2,ALAD,MZT2B,DOHH,HYAL2,AMPD1,DENND2B,CLN3,APBB1,FURIN"
17,129,32,muscle contraction (GO:0006936),"PFN1,CKM,MYH1,MYL2,RAB35,TNNC1,TUBA4A,MDFI,MYOD1,MYO1G,MAPRE3,CASQ2,ACTR3B,ARPC1A,TUBB4A,RAB7A,UNC45B,SH3BGRL3,KLHL41,DCTN3,ACTR1B,ACTC1,NCKIPSD,CORO1A,LAPTM5,LAPTM4A,TMOD4,ACTN4,TMOD1,SCIN,MICALL2,CKB,SLC6A8,CKMT1B,RILP,TLR10,SLC9A3R1,KLC4,PDLIM2,SEMA3F,PLXND1,SEMA6A,HCLS1,ENO3,ZYX,FMNL1,CAPN12,TUBA8,HAP1,CARMIL2,PDXP,LIMK1,FGD3,CORO1B,ARPC5L,PIP4K2C,MYL4,MYH7,TBCD,HRC,ATP2A1,DYNLRB1,MYBPC2,MYOZ1,RYR1,MB,ATP2A3,TNNI1,ACTN2,ACTA1,CASQ1,TAGLN2,NRAP,PDLIM1,TNNC2,TBC1D13,GSN,PAX7,PLEKHM2,WAS,ABI3,CLSTN1,TUBB2A,DENND1C,TNNT3,FSCN1,KLC3,DYNLL1,INF2,EVL,SYNPO,GATM,MYH2,MYL5,TBC1D10A,MYH6,TBC1D10B,ARPC4,ARPC1B,KLC2,MYBPC1,CAPZB,GAMT,CKMT2,SLC9A3R2,DCTN2,LMOD2,GNGT2,BRK1,CFL1,SLN,ARHGAP45,MYBPC3,TBC1D10C,TUBB8,ACTG1,PIP5K1C,TNNT1,SARAF,STIM1,GAS2L1,NEFL,ORAI1,WASF2,SRCIN1,MYH14,ACTB,MYL3,TNNT2"
18,160,44,steroid metabolic process (GO:0008202),"AMH,MVK,CYP26A1,RBP1,ODC1,ALDH2,ACADS,CIAO3,NUBP2,CYP27A1,SLC27A5,ACOT8,HMOX1,PITX1,CHST8,B4GALNT3,HSD17B10,TARBP2,CYP11A1,SULT2B1,SRD5A1,STAR,ERG28,SIGMAR1,PAOX,TM7SF2,CYP2C18,NBL1,ALDH1L1,S100B,ERP29,ALDH16A1,CYP4F3,ALOX15,GSTM2,HPGDS,B3GAT2,HSD3B7,ALDH1A1,RDH5,MVD,ECI1,UGT1A6,BFSP2,TUT1,CYP2S1,FNTB,RCE1,GLS2,B4GALT2,ACOT1,TECR,AOC3,HSD11B2,ACSS1,RPP25,VSIG2,GEMIN4,DHRS4,NOS2,GLUD2,P4HB,ACSM5,B4GALNT4,ACAA1,GSTA1,STARD3,GGT7,MAFK,ETFB,BPIFA2,BPIFA1,UGT1A9,ALDH9A1,DHCR7,SREBF1,SCAP,ACOX3,FDPS,POP5,GSTM3,SREBF2,ABCG1,PIK3C2B,TBX19,BGLAP,PMVK,ECHS1,THEM5,GSTO1,GSTM4,NSDHL,GSTA4,DHCR24,CPT2,NDOR1,UGT1A7,UGT1A8,NR5A1,HMGCL,HSD17B8,ALDH4A1,SRM,FTL,CA6,WT1,B4GALT1,ALOX15B,AKR1C2,AKR1C1,GGT6,GPX3,GPX2,KEAP1,TSPO,SLC47A1,SLC29A4,LSS,RDH16,HM13,GGT5,GSTP1,OAZ3,BLVRA,CIAO2B,RARG,PLAAT4,CARNS1,DHRS9,AOC1,ALDH3A1,SLC35A2,FDXR,TMEM109,EBP,NSFL1C,POR,ADH7,ADH1C,EPHX2,PLPP1,ECH1,ACADVL,CYP2E1,RDH12,NPC2,GSTZ1,OAZ2,OAZ1,HADH,ACYP2,SMOX,EPHX1,B4GALT3,FADS6,DGAT1,DHRS11,CRABP2,FDFT1,CEL"
19,70,19,skin development (GO:0043588),"DOK1,KRT14,KRT5,KRT6C,KRT6B,HLF,TGM1,PKP1,CYP4F22,BCL9,FCRL4,HES6,POU2F3,PLA1A,TCF7L1,SDR9C7,SOX17,KRT16,CRNN,KRT78,SPRR1B,PI3,CTNND2,KRT17,NIPAL4,DCAF15,FBXW5,ALOXE3,RPTN,MSC,SPRR3,KRT13,TMPRSS11B,PKP3,BCL9L,CNFN,KRTDAP,TCF7,PPL,TRIM29,TEAD3,PYGO2,SPRR2B,SPRR1A,IVL,LCE3D,CRCT1,WFDC12,CDSN,PSORS1C2,TLE1,TLE5,KRT6A,KRT31,TGM3,SPRR2A,JUP,PNPLA1,RABGGTA,RAB3D,PERP,DCAF11,SPRR2F,PTK6,KRT4,TLE3,EVPL,TLE2,TEAD2,ALOX12B"
20,5,3,endocytic recycling (GO:0032456),"COMMD4,COMMD7,CCDC22,SNX17,COMMD5"
21,5,3,axon guidance (GO:0007411),"NTN1,PITPNA,SCARF1,UNC5B,ZNF444"
